drugName,cause_of_addiction,year
Cyclafem 1 / 35,Birth Control,2013
Belviq,Weight Loss,2001
Seroquel,Schizoaffective Disorde,2013
Klonopin,Bipolar Disorde,2006
Nitrofurantoin,Bladder Infection,2008
Nifedipine,Raynaud's Syndrome,2000
Afrezza,"Diabetes, Type 1",2002
Pregabalin,Generalized Anxiety Disorde,2009
BuSpar,Anxiety,2015
Phenazopyridine,Interstitial Cystitis,2001
Phentermine,Weight Loss,2002
Copper,Birth Control,2011
Guaifenesin / pseudoephedrine,Cough and Nasal Congestion,2017
Bupropion,Smoking Cessation,2010
BuSpar,Panic Disorde,2013
Aldesleukin,Renal Cell Carcinoma,2007
Suboxone,Opiate Dependence,2010
Vilazodone,Major Depressive Disorde,2018
Aviane,Birth Control,2007
Prenatal Plus,Vitamin/Mineral Supplementation during Pregnancy/Lactation,2007
Topiramate,Migraine Prevention,2011
Kapidex,GERD,2018
Serzone,Depression,2006
Denosumab,Osteoporosis,2008
Sprintec,Ovarian Cysts,2001
Lisinopril,High Blood Pressure,2008
Benzonatate,Cough,2002
Methocarbamol,Muscle Spasm,2019
Skyla,Birth Control,2014
CellCept,Systemic Lupus Erythematosus,2012
Escitalopram,Anxiety,2012
Skyla,Birth Control,2000
Perampanel,Epilepsy,2013
Mirabegron,Overactive Bladde,2019
Apremilast,Psoriatic Arthritis,2006
Phentermine,Weight Loss,2009
Epiduo,Acne,2006
Toradol,Postoperative Pain,2017
Varenicline,Smoking Cessation,2012
Doxycycline,Chlamydia Infection,2005
Miconazole,Vaginal Yeast Infection,2018
Levonorgestrel,Birth Control,2012
Lorcaserin,Weight Loss,2010
Escitalopram,Generalized Anxiety Disorde,2010
Portia,Birth Control,2001
Meperidine,Pain,2000
Ethinyl estradiol / norgestrel,Birth Control,2004
Dulaglutide,"Diabetes, Type 2",2009
Pantoprazole,GERD,2011
Bupropion / naltrexone,Obesity,2011
Magnesium sulfate / potassium sulfate / sodium sulfate,Bowel Preparation,2018
Lexapro,Anxiety,2008
Conjugated estrogens / medroxyprogesterone,,2001
Metronidazole,Bacterial Infection,2018
Docosanol,Herpes Simplex,2004
Plan B,Emergency Contraception,2001
Levonorgestrel,Emergency Contraception,2008
Keytruda,"Melanoma, Metastatic",2019
Methotrexate,Psoriasis,2004
Amlodipine,High Blood Pressure,2018
Vortioxetine,Depression,2007
Depo-Provera,4</span> users found this comment helpful.,2009
Diclegis,Nausea/Vomiting of Pregnancy,2005
Zipsor,Pain,2005
Lactulose,"Constipation, Acute",2014
Campral,Alcohol Dependence,2015
Ambien,Insomnia,2006
Mirapex,Restless Legs Syndrome,2001
Milk thistle,Herbal Supplementation,2011
Belviq,Obesity,2019
Ethinyl estradiol / norethindrone,Birth Control,2016
Drospirenone / ethinyl estradiol,Premenstrual Dysphoric Disorde,2010
Ethinyl estradiol / norethindrone,Birth Control,2015
Ethinyl estradiol / ethynodiol,Birth Control,2001
Infliximab,Ulcerative Colitis,2005
Lo Loestrin Fe,Birth Control,2016
Nortriptyline,Pain,2009
Oxymorphone,Pain,2011
Liraglutide,Weight Loss,2016
Ethinyl estradiol / norethindrone,Birth Control,2007
Copper,Birth Control,2002
Prednisone,"Uveitis, Posteri",2019
Desvenlafaxine,Depression,2002
Moxifloxacin,Pneumonia,2004
Linzess,Constipation,2009
Levonorgestrel,Emergency Contraception,2019
Fluoxetine,Depression,2007
Topiramate,Migraine Prevention,2008
Lurasidone,Bipolar Disorde,2010
Amitriptyline,Migraine Prevention,2004
Prednisone,Sinusitis,2008
Benadryl,Allergic Reactions,2002
Losartan,High Blood Pressure,2006
Benzonatate,Cough,2019
Concerta,ADHD,2016
Fentanyl Transdermal System,Pain,2008
Skyla,Birth Control,2016
Vilazodone,Depression,2019
E-Z-Gas II,Gas,2017
Azathioprine,Ulcerative Colitis,2009
Tamiflu,Influenza,2014
Ortho Tri-Cyclen Lo,Ovarian Cysts,2007
Ropinirole,Restless Legs Syndrome,2003
Lexapro,Depression,2000
Duloxetine,ibromyalgia,2012
Loestrin 24 Fe,Birth Control,2008
Promethazine,Opiate Adjunct,2015
Saxenda,Weight Loss,2019
Sronyx,Birth Control,2006
Ambien,Insomnia,2009
Losartan,High Blood Pressure,2012
Amlodipine / olmesartan,High Blood Pressure,2004
Effexor,Anxiety and Stress,2009
Fesoterodine,Overactive Bladde,2004
Prozac,Anxiety and Stress,2016
Exenatide,"Diabetes, Type 2",2006
Ethinyl estradiol / norethindrone,Birth Control,2013
Ethinyl estradiol / levonorgestrel,Birth Control,2000
Etonogestrel,Birth Control,2017
Levonorgestrel,Birth Control,2017
Tri-Sprintec,Birth Control,2008
Qsymia,Weight Loss,2013
Mirtazapine,Insomnia,2004
Botox,Overactive Bladde,2012
Adapalene / benzoyl peroxide,Acne,2018
Levonorgestrel,Birth Control,2009
Fluoxetine,Premenstrual Dysphoric Disorde,2013
Escitalopram,Generalized Anxiety Disorde,2005
Desogestrel / ethinyl estradiol,Birth Control,2005
Panlor DC,Pain,2019
Claravis,Acne,2006
Drospirenone / ethinyl estradiol,Birth Control,2017
Metronidazole,Bacterial Infection,2009
Keflex,Bacterial Infection,2019
Etonogestrel,Birth Control,2013
Levonorgestrel,Birth Control,2012
Pristiq,Depression,2017
Saxenda,Weight Loss,2014
Metronidazole,Diverticulitis,2001
Monistat 3-Day Combination Pack,Vaginal Yeast Infection,2019
Sertraline,Depression,2011
Lurasidone,Bipolar Disorde,2006
Sulfasalazine,Ulcerative Colitis,2000
Ortho D,Dietary Supplementation,2011
Lo Loestrin Fe,Birth Control,2011
Citalopram,Anxiety and Stress,2018
Ethinyl estradiol / norethindrone,Birth Control,2010
Baclofen,Muscle Spasm,2013
Abilify,Major Depressive Disorde,2019
Trazodone,Insomnia,2002
Biaxin XL,Pneumonia,2000
Buprenorphine / naloxone,Opiate Dependence,2009
Topamax,Bipolar Disorde,2007
Veltin,Acne,2014
Implanon,Birth Control,2015
Urea,Dry Skin,2007
Fluticasone,Allergic Rhinitis,2008
Levonorgestrel,Emergency Contraception,2018
Prozac,Depression,2007
Seasonique,Birth Control,2013
Chantix,Smoking Cessation,2015
Clarithromycin,Upper Respiratory Tract Infection,2011
Liraglutide,Weight Loss,2003
Jalyn,Benign Prostatic Hyperplasia,2018
Toviaz,Overactive Bladde,2018
Eszopiclone,Insomnia,2004
Amitiza,Irritable Bowel Syndrome,2002
Mirena,Birth Control,2018
Copper,Birth Control,2018
Cefdinir,Otitis Media,2015
Alprazolam,Panic Disorde,2008
Suboxone,Opiate Dependence,2006
Acetaminophen / hydrocodone,Pain,2014
Tri-Previfem,Birth Control,2015
Terbinafine,"Onychomycosis, Toenail",2011
Topiramate,Migraine Prevention,2004
Cinryze,Hereditary Angioedema,2013
Apri,Birth Control,2006
Victoza,Weight Loss,2001
Levetiracetam,Epilepsy,2007
Ibuprofen,Period Pain,2017
Linaclotide,Irritable Bowel Syndrome,2001
Actemra,Rheumatoid Arthritis,2011
Etonogestrel,Birth Control,2004
Senna Plus,"Constipation, Acute",2015
Adderall,ADHD,2007
Chlordiazepoxide,Alcohol Withdrawal,2004
Metoclopramide,Migraine,2011
Lutera,Birth Control,2017
Ethinyl estradiol / norethindrone,Birth Control,2000
Fentanyl,Pain,2000
Kyleena,Birth Control,2005
Mirena,Birth Control,2000
Ciprofloxacin,Urinary Tract Infection,2014
Doxycycline,Acne,2007
Desvenlafaxine,Major Depressive Disorde,2019
Interferon beta-1a,Multiple Sclerosis,2014
Varenicline,Smoking Cessation,2019
Phentermine / topiramate,Obesity,2012
Harvoni,Hepatitis C,2003
Ethinyl estradiol / norethindrone,Endometriosis,2017
Dulaglutide,"Diabetes, Type 2",2002
Toradol,Pain,2005
Lysine,Herpes Simplex,2012
Estring,Atrophic Vaginitis,2000
Medroxyprogesterone,Birth Control,2004
Effexor,Depression,2005
Risperdal,Bipolar Disorde,2000
Elavil,Depression,2017
Milk of Magnesia,Constipation,2002
Levaquin,Bronchitis,2015
Fluoxetine,Anxiety and Stress,2009
Modafinil,Narcolepsy,2014
Paxil,Generalized Anxiety Disorde,2006
Mirena,Birth Control,2007
Hysingla ER,Pain,2017
Lorazepam,Anxiety,2018
Hydrocodone / ibuprofen,Pain,2006
Aviane,Abnormal Uterine Bleeding,2002
Eszopiclone,Insomnia,2007
Bupropion / naltrexone,Obesity,2013
Medroxyprogesterone,,2011
Azithromycin,Chlamydia Infection,2003
Gabapentin,Bipolar Disorde,2019
Metronidazole,Bacterial Vaginitis,2006
Stribild,HIV Infection,2010
Benzonatate,Cough,2010
Gabapentin,Pain,2018
Suboxone,Opiate Dependence,2006
Levonorgestrel,Birth Control,2019
Tri-Sprintec,Birth Control,2017
Hydromet,Cough,2001
Metformin,min),2006
Nexplanon,Birth Control,2011
Acetaminophen / oxycodone,Pain,2000
Efavirenz / emtricitabine / tenofovir,HIV Infection,2010
Enbrel,Psoriatic Arthritis,2015
Seasonique,Birth Control,2009
Chlorpheniramine,Allergic Reactions,2010
Xulane,Birth Control,2009
Zolpidem,Insomnia,2003
Liraglutide,Obesity,2001
Mirabegron,Overactive Bladde,2001
Lorcaserin,Weight Loss,2016
Savella,ibromyalgia,2004
Losartan,High Blood Pressure,2000
Esomeprazole,GERD,2012
Depo-Provera,Endometriosis,2012
Methadone,Opiate Withdrawal,2000
Ethinyl estradiol / norethindrone,Birth Control,2012
Diclofenac,Osteoarthritis,2017
Citalopram,Depression,2012
Ledipasvir / sofosbuvir,Hepatitis C,2012
Alcaftadine,,2002
Aubra,Birth Control,2012
Soolantra,Rosacea,2007
Minocycline,Acne,2005
Percocet,Pain,2016
Crestor,High Cholesterol,2015
Tramadol,Pain,2012
Concerta,ADHD,2002
Desvenlafaxine,Depression,2003
Lo Loestrin Fe,Birth Control,2000
Adalimumab,Crohn's Disease,2016
Isosorbide mononitrate,Angina Pectoris Prophylaxis,2005
Topamax,Migraine Prevention,2001
Modafinil,Depression,2019
Methylphenidate,ADHD,2004
Keppra,Seizures,2001
Dulcolax,Constipation,2011
Implanon,Birth Control,2015
Zoloft,Major Depressive Disorde,2009
Zaleplon,Insomnia,2014
Ledipasvir / sofosbuvir,Hepatitis C,2004
Ethinyl estradiol / norethindrone,Birth Control,2005
Relpax,Migraine,2012
Klonopin,Anxiety,2014
Copper,Birth Control,2012
Varenicline,Smoking Cessation,2011
Seroquel XR,Bipolar Disorde,2014
Acetaminophen / hydrocodone,Pain,2010
Levonorgestrel,Birth Control,2006
Ciprofloxacin,Kidney Infections,2015
Effexor,Major Depressive Disorde,2000
Junel Fe 1.5 / 30,Acne,2010
Methylprednisolone,"Gout, Acute",2015
Phentermine,Weight Loss,2009
Dextroamphetamine,ADHD,2003
Etonogestrel,Birth Control,2014
Norethindrone,Birth Control,2012
Ethinyl estradiol / norgestimate,Birth Control,2012
Brisdelle,Hot Flashes,2002
Cetirizine,Allergic Rhinitis,2010
Atorvastatin,High Cholesterol,2008
Jentadueto,"Diabetes, Type 2",2017
BuSpar,Anxiety,2004
Dexmethylphenidate,ADHD,2018
Ethinyl estradiol / levonorgestrel,Premenstrual Syndrome,2011
Phentermine / topiramate,Weight Loss,2009
Exelon,Alzheimer's Disease,2018
Diclofenac,Osteoarthritis,2013
Sulfamethoxazole / trimethoprim,Urinary Tract Infection,2010
Hydroxyzine,Anxiety,2000
Metronidazole,Bacterial Vaginitis,2015
Atropine / diphenoxylate,Diarrhea,2000
Lybrel,Birth Control,2011
Acetaminophen / aspirin / caffeine,Migraine,2010
Atenolol,High Blood Pressure,2000
Orsythia,Birth Control,2006
Epiduo,Acne,2000
Liletta,Birth Control,2002
Etonogestrel,Birth Control,2002
Metronidazole,Bacterial Vaginitis,2003
Lexapro,Depression,2012
Vilazodone,Depression,2008
Levonorgestrel,Birth Control,2009
Linzess,Constipation,2006
Sotret,Acne,2010
Budesonide / formoterol,moterol),2014
Skyla,Birth Control,2006
Adapalene / benzoyl peroxide,Acne,2004
Rapaflo,Benign Prostatic Hyperplasia,2018
Ethinyl estradiol / norethindrone,Birth Control,2010
Dextromethorphan,Cough,2005
Midodrine,Hypotension,2001
Lisinopril,High Blood Pressure,2000
Drospirenone / ethinyl estradiol,Menstrual Disorders,2013
Acetaminophen / butalbital / caffeine,Headache,2004
Ziana,Acne,2014
Sertraline,Social Anxiety Disorde,2006
Monistat 7,Vaginal Yeast Infection,2008
Ethinyl estradiol / levonorgestrel,Birth Control,2017
Ethinyl estradiol / norethindrone,Birth Control,2007
Topiramate,Migraine Prevention,2010
Sertraline,Postpartum Depression,2004
Nuvigil,Narcolepsy,2003
Trulance,Chronic Idiopathic Constipation,2010
Terbinafine,Tinea Cruris,2003
Lasix,33</span> users found this comment helpful.,2011
Azithromycin Dose Pack,Bronchitis,2013
Levomilnacipran,Depression,2016
Advair Diskus,"Asthma, Maintenance",2003
Taltz,Plaque Psoriasis,2006
Orsythia,Birth Control,2009
Pristiq,Major Depressive Disorde,2017
Loestrin 24 Fe,Birth Control,2011
Duac,Acne,2004
Ethinyl estradiol / levonorgestrel,Birth Control,2008
Hydroxyzine,Anxiety,2004
Ethinyl estradiol / etonogestrel,Birth Control,2012
Mirena,Birth Control,2010
Ethinyl estradiol / norethindrone,Abnormal Uterine Bleeding,2003
Rifaximin,Irritable Bowel Syndrome,2016
Hydromorphone,Pain,2008
Seroquel XR,Major Depressive Disorde,2002
Xarelto,Pulmonary Embolism,2007
Sulfamethoxazole / trimethoprim,Prostatitis,2012
Sprintec,Birth Control,2016
Asacol,"Ulcerative Colitis, Maintenance",2011
Benzoyl peroxide / clindamycin,Acne,2015
Amitriptyline,Insomnia,2001
Levonorgestrel,Birth Control,2002
Augmentin,Upper Respiratory Tract Infection,2008
Concerta,ADHD,2009
Bupropion,Depression,2013
Rotigotine,Parkinson's Disease,2007
Zoloft,Social Anxiety Disorde,2003
Aluminum chloride hexahydrate,Hyperhidrosis,2014
Kombiglyze XR,"Diabetes, Type 2",2012
Vyvanse,ADHD,2013
Metoprolol,Supraventricular Tachycardia,2003
Xyzal,Allergies,2014
Nexplanon,Birth Control,2005
Tretinoin,Acne,2001
Tavaborole,"Onychomycosis, Toenail",2016
Tioconazole,Vaginal Yeast Infection,2005
Isotretinoin,Acne,2009
Bydureon,"Diabetes, Type 2",2014
Copper,Birth Control,2016
Bupropion / naltrexone,Obesity,2003
Mirena,Birth Control,2002
Prevpac,Helicobacter Pylori Infection,2009
Temazepam,Insomnia,2013
Adapalene / benzoyl peroxide,Acne,2012
Aripiprazole,Obsessive Compulsive Disorde,2019
Etonogestrel,Birth Control,2014
Complera,HIV Infection,2013
Magnesium citrate,Constipation,2000
Yaz,Birth Control,2012
Valium,Muscle Spasm,2006
Ethinyl estradiol / levonorgestrel,Birth Control,2019
Levonorgestrel,Emergency Contraception,2000
Bupropion / naltrexone,Obesity,2007
Ethinyl estradiol / norethindrone,Birth Control,2003
Mononessa,Birth Control,2018
Ethinyl estradiol / levonorgestrel,Birth Control,2006
Natazia,Menorrhagia,2011
Bisacodyl,Constipation,2015
Avinza,Pain,2019
Quetiapine,Bipolar Disorde,2001
Sprintec,Birth Control,2004
Desipramine,Depression,2011
Levonorgestrel,Birth Control,2008
Norethindrone,Birth Control,2013
Liraglutide,Weight Loss,2000
Levetiracetam,Seizures,2017
Zohydro ER,Pain,2005
Tadalafil,Erectile Dysfunction,2005
Otezla,Psoriatic Arthritis,2013
Venlafaxine,Postpartum Depression,2004
Fluconazole,Tinea Versicol,2014
Microgestin Fe 1.5 / 30,Birth Control,2018
Modafinil,Narcolepsy,2008
Nortriptyline,Irritable Bowel Syndrome,2006
Bydureon,"Diabetes, Type 2",2017
Amphetamine / dextroamphetamine,ADHD,2019
Buprenorphine,Opiate Dependence,2015
Suboxone,Opiate Dependence,2007
Nexplanon,Birth Control,2005
Pancrelipase,Pancreatic Exocrine Dysfunction,2013
Nexplanon,Birth Control,2015
Paroxetine,Post Traumatic Stress Disorde,2003
Vistaril,Anxiety,2008
Etonogestrel,Birth Control,2006
Fexofenadine,Allergic Rhinitis,2012
Microgestin Fe 1 / 20,Birth Control,2000
Ultram,Pain,2009
Zyprexa,Major Depressive Disorde,2002
Ibuprofen,Pain,2003
Tioconazole,Vaginal Yeast Infection,2013
Topiramate,Migraine Prevention,2010
Suvorexant,Insomnia,2013
Augmentin,Otitis Media,2017
Chantix,Smoking Cessation,2016
Lexapro,Anxiety,2010
Oseltamivir,Influenza,2019
Tamsulosin,Benign Prostatic Hyperplasia,2014
Plan B,Emergency Contraception,2019
Percocet,Pain,2004
Desvenlafaxine,Depression,2012
Gabapentin,ibromyalgia,2010
Microgestin Fe 1 / 20,Birth Control,2016
Solifenacin,Overactive Bladde,2002
Ethinyl estradiol / norgestimate,,2016
Magnesium sulfate / potassium sulfate / sodium sulfate,Bowel Preparation,2011
Methadone,Opiate Withdrawal,2019
Implanon,Birth Control,2017
Orthovisc,Osteoarthritis,2016
Vilazodone,Depression,2019
Allegra,Allergic Rhinitis,2003
Levonorgestrel,Emergency Contraception,2015
Norethindrone,Birth Control,2006
Etonogestrel,Birth Control,2004
Naproxen / sumatriptan,Migraine,2000
Etonogestrel,Birth Control,2005
Mesalamine,"Crohn's Disease, Maintenance",2008
Suprep Bowel Prep Kit,Bowel Preparation,2011
Hypercare,Hyperhidrosis,2004
Phentermine,Weight Loss,2017
Mirena,Birth Control,2010
Lo Loestrin Fe,Birth Control,2015
Next Choice,Emergency Contraception,2011
Xyzal,5</span> users found this comment helpful.,2016
Univasc,High Blood Pressure,2004
Nora-Be,Birth Control,2017
Modafinil,Narcolepsy,2013
Exforge HCT,High Blood Pressure,2003
Cipro,Kidney Infections,2013
Testosterone,"Hypogonadism, Male",2014
Mycophenolate mofetil,Ulcerative Colitis,2006
Fluorouracil,Keratosis,2016
Amphetamine / dextroamphetamine,ADHD,2014
Levothyroxine,Underactive Thyroid,2005
Citalopram,Depression,2007
Eletriptan,Migraine,2003
Nexplanon,Birth Control,2016
Belimumab,Systemic Lupus Erythematosus,2006
Vortioxetine,Depression,2015
Nexplanon,Birth Control,2001
Xulane,Birth Control,2009
Famotidine,,2014
Xiidra,Dry Eye Disease,2019
Levothyroxine,Hashimoto's disease,2009
Orlistat,Obesity,2015
Botox,Overactive Bladde,2008
Etonogestrel,Birth Control,2002
Mirena,Birth Control,2015
Desmopressin,von Willebrand's Disease,2018
Indomethacin,"Gout, Acute",2018
Lyrica,Neuralgia,2009
Lisdexamfetamine,ADHD,2019
Budeprion XL,Depression,2009
Levonorgestrel,Emergency Contraception,2013
Bisacodyl,Constipation,2012
Clonazepam,Migraine Prevention,2014
Metoclopramide,Lactation Augmentation,2008
Lamictal,Bipolar Disorde,2014
Morphine / naltrexone,Pain,2009
Etonogestrel,Birth Control,2015
NuvaRing,Birth Control,2018
Microgestin Fe 1 / 20,Birth Control,2004
Vilazodone,Depression,2011
Prozac,Depression,2001
Clonazepam,Anxiety,2001
Ativan,Insomnia,2013
Leuprolide,Endometriosis,2016
Levonorgestrel,Birth Control,2018
Lorcaserin,Weight Loss,2017
Lomaira,Obesity,2006
Tapentadol,Pain,2007
Lorcaserin,Obesity,2000
Skyla,Birth Control,2011
Contrave,Obesity,2013
Skyla,Birth Control,2012
Robaxin,Muscle Spasm,2018
Phentermine,Weight Loss,2014
Stribild,HIV Infection,2003
Amlodipine,High Blood Pressure,2009
Belsomra,Insomnia,2019
Sertraline,Major Depressive Disorde,2015
Topiramate,Migraine Prevention,2005
Effexor XR,Depression,2006
Nexplanon,Birth Control,2004
Ziprasidone,Schizoaffective Disorde,2001
Amitriptyline,Anxiety and Stress,2014
Ethinyl estradiol / levonorgestrel,Birth Control,2001
Depo-Provera,Birth Control,2015
Buspirone,Anxiety,2012
Contrave,Obesity,2010
Lo Loestrin Fe,Birth Control,2014
Clonazepam,Anxiety,2003
Ethinyl estradiol / norethindrone,Acne,2001
Bupropion,Smoking Cessation,2006
Fluticasone,Rhinitis,2011
Medroxyprogesterone,Birth Control,2004
Nexplanon,Birth Control,2000
Efavirenz / emtricitabine / tenofovir,HIV Infection,2006
Wellbutrin SR,Depression,2007
Lyrica,Pain,2009
Ethinyl estradiol / norgestimate,Birth Control,2008
Tapentadol,Pain,2013
Efinaconazole,"Onychomycosis, Toenail",2019
Concerta,ADHD,2013
Nexplanon,Birth Control,2016
Suprep Bowel Prep Kit,Bowel Preparation,2000
Mirena,Birth Control,2013
Etonogestrel,Birth Control,2005
Nature-Throid,Hashimoto's disease,2012
Yaz,Acne,2001
Aluminum chloride hexahydrate,Hyperhidrosis,2002
Levonorgestrel,Birth Control,2008
Ethinyl estradiol / etonogestrel,Birth Control,2009
Suvorexant,Insomnia,2015
OxyContin,Chronic Pain,2000
Levonorgestrel,Birth Control,2010
Ethinyl estradiol / levonorgestrel,Birth Control,2003
Victoza,"Diabetes, Type 2",2005
Aluminum chloride hexahydrate,Hyperhidrosis,2013
Isotretinoin,Acne,2005
Hysingla ER,Pain,2001
Buprenorphine / naloxone,Opiate Dependence,2006
Magnesium sulfate / potassium sulfate / sodium sulfate,Bowel Preparation,2002
Seasonique,4</span> users found this comment helpful.,2018
AndroGel,"Hypogonadism, Male",2000
Xanax,Anxiety,2001
Calcitriol,Psoriasis,2008
Mirena,Birth Control,2014
Codeine / promethazine,Cough,2002
Lorcaserin,Weight Loss,2015
Levonorgestrel,Emergency Contraception,2007
Nexplanon,Birth Control,2017
Fetzima,Depression,2016
Clonazepam,Panic Disorde,2010
Wellbutrin SR,Depression,2005
Calcitriol,Hypocalcemia,2019
Fentanyl,Pain,2017
Vilazodone,Depression,2007
Fluconazole,Tinea Versicol,2014
Lexapro,Depression,2005
Polyethylene glycol 3350 with electrolytes,Bowel Preparation,2000
Cialis,Erectile Dysfunction,2015
Montelukast,Allergic Rhinitis,2018
Mirena,Abnormal Uterine Bleeding,2007
Medroxyprogesterone,Amenorrhea,2007
Prochlorperazine,Nausea/Vomiting,2010
Zoloft,Obsessive Compulsive Disorde,2015
Etonogestrel,Birth Control,2018
Levonorgestrel,Birth Control,2012
Etonogestrel,Birth Control,2015
Zyban,Smoking Cessation,2013
Clonazepam,Bipolar Disorde,2003
Duac,Acne,2012
Crestor,High Cholesterol,2007
Dextromethorphan,Cough,2018
Magnesium sulfate / potassium sulfate / sodium sulfate,Bowel Preparation,2014
Magnesium sulfate / potassium sulfate / sodium sulfate,Bowel Preparation,2017
Bupropion / naltrexone,Obesity,2019
Ethinyl estradiol / levonorgestrel,Ovarian Cysts,2016
Remeron,Anxiety,2018
Buprenorphine / naloxone,Opiate Dependence,2016
Microgestin Fe 1 / 20,Birth Control,2014
Levonorgestrel,Birth Control,2012
Implanon,Birth Control,2011
Linaclotide,Irritable Bowel Syndrome,2008
Lexapro,Depression,2006
Pravastatin,High Cholesterol,2003
Loestrin 24 Fe,Polycystic Ovary Syndrome,2007
Ustekinumab,Crohn's Disease,2018
Mirtazapine,Insomnia,2001
Clonazepam,Anxiety,2017
Magnesium sulfate / potassium sulfate / sodium sulfate,Bowel Preparation,2013
Ethinyl estradiol / levonorgestrel,Birth Control,2000
Ethinyl estradiol / levonorgestrel,Birth Control,2011
Ethinyl estradiol / norgestimate,Birth Control,2013
Levonorgestrel,Abnormal Uterine Bleeding,2013
Harvoni,Hepatitis C,2017
Saxenda,Weight Loss,2003
Skyla,Birth Control,2000
Ethinyl estradiol / norethindrone,Birth Control,2017
Mesalamine,"Ulcerative Colitis, Active",2013
Ketorolac,Pain,2003
Ethinyl estradiol / norgestimate,Birth Control,2008
Metronidazole,Bacterial Vaginitis,2000
AndroGel,"Hypogonadism, Male",2005
Atovaquone / proguanil,Malaria Prevention,2016
Euflexxa,Osteoarthritis,2009
Dulcolax,Constipation,2010
Duloxetine,Depression,2014
Celexa,Anxiety and Stress,2016
Amitriptyline,Pain,2009
Drospirenone / ethinyl estradiol,Acne,2010
Lo Loestrin Fe,Birth Control,2006
Advair Diskus,"Asthma, Maintenance",2015
Drospirenone / ethinyl estradiol,Menstrual Disorders,2011
Phentermine,Weight Loss,2010
Oxybutynin,Hyperhidrosis,2003
Baclofen,Trigeminal Neuralgia,2002
Qsymia,Obesity,2010
Norvasc,High Blood Pressure,2009
MoviPrep,Bowel Preparation,2002
NuvaRing,Birth Control,2004
ParaGard,Birth Control,2015
Nexplanon,Birth Control,2011
Diclofenac,Back Pain,2000
Nexplanon,Birth Control,2011
Mirena,Birth Control,2016
Ethinyl estradiol / norgestrel,Birth Control,2006
Latuda,Bipolar Disorde,2002
Levonorgestrel,Emergency Contraception,2005
Alli,Obesity,2006
Ledipasvir / sofosbuvir,Hepatitis C,2012
Apri,Birth Control,2003
Alprazolam,Anxiety,2002
Ethinyl estradiol / levonorgestrel,Birth Control,2003
Gabapentin,Anxiety,2011
Etonogestrel,Birth Control,2002
Delsym,Cough,2017
Clobetasol,Dermatitis,2002
Paroxetine,Generalized Anxiety Disorde,2008
Terbinafine,"Onychomycosis, Toenail",2011
Benzonatate,Cough,2012
Phentermine,Weight Loss,2003
Nitroglycerin,Raynaud's Syndrome,2000
Doxazosin,Benign Prostatic Hyperplasia,2007
Levonorgestrel,Birth Control,2009
Implanon,Birth Control,2016
Magnesium citrate,Constipation,2014
Wellbutrin,Depression,2004
Phentermine,Weight Loss,2019
Nexplanon,Birth Control,2000
Etonogestrel,Birth Control,2017
Escitalopram,Generalized Anxiety Disorde,2000
Orlistat,Obesity,2003
Butrans,Pain,2010
Acetazolamide,Pseudotumor Cerebri,2012
Tamoxifen,Breast Cance,2001
Bupropion,Depression,2001
Trintellix,Major Depressive Disorde,2013
Ortho Tri-Cyclen Lo,Birth Control,2012
Dilaudid,Chronic Pain,2002
Xyrem,Narcolepsy,2001
Tioconazole,Vaginal Yeast Infection,2010
Naproxen / sumatriptan,Migraine,2002
Clonazepam,Panic Disorde,2018
Buprenorphine / naloxone,Not Listed / Othe,2011
Ritalin,Narcolepsy,2010
Etonogestrel,Birth Control,2009
TriNessa,Birth Control,2019
Clonazepam,Panic Disorde,2005
Contrave,Obesity,2009
Buprenorphine / naloxone,Opiate Dependence,2012
Chlordiazepoxide,Alcohol Withdrawal,2006
Ledipasvir / sofosbuvir,Hepatitis C,2016
Antabuse,Alcohol Dependence,2018
Lorazepam,"Nausea/Vomiting, Chemotherapy Induced",2001
Levaquin,Urinary Tract Infection,2007
Etonogestrel,Birth Control,2011
Plan B,Emergency Contraception,2008
Linaclotide,Constipation,2008
Implanon,Birth Control,2004
Soma,Muscle Spasm,2006
Anafranil,Obsessive Compulsive Disorde,2004
Adapalene / benzoyl peroxide,Acne,2011
St. john's wort,Depression,2016
Nortriptyline,Migraine Prevention,2009
Azithromycin,Chlamydia Infection,2002
Sertraline,Panic Disorde,2003
Testosterone,"Hypogonadism, Male",2008
Miconazole,Vaginal Yeast Infection,2012
Levonorgestrel,Emergency Contraception,2006
Levonorgestrel,Emergency Contraception,2017
Gabapentin,Anxiety,2009
Prozac,Depression,2015
Bupropion / naltrexone,Obesity,2015
Delsym,Cough,2003
Melatonin,Insomnia,2019
Celexa,Anxiety and Stress,2008
Lorcaserin,Weight Loss,2003
Etonogestrel,Birth Control,2015
Sertraline,Depression,2011
Lorcaserin,Weight Loss,2014
Regorafenib,Colorectal Cance,2005
Loestrin 24 Fe,Endometriosis,2001
Lisinopril,High Blood Pressure,2016
Zoloft,Obsessive Compulsive Disorde,2011
Mucinex D,Cough and Nasal Congestion,2018
Zolpidem,Insomnia,2006
Tapentadol,Pain,2008
Acetaminophen / dextromethorphan / guaifenesin / phenylephrine,Cold Symptoms,2012
Lorcaserin,Weight Loss,2013
Copaxone,Multiple Sclerosis,2005
Suprep Bowel Prep Kit,Bowel Preparation,2005
Seroquel,Bipolar Disorde,2008
Tacrolimus,Atopic Dermatitis,2007
Tramadol,ibromyalgia,2000
Belviq,Weight Loss,2012
Dofetilide,Arrhythmia,2009
Zolpidem,Insomnia,2012
Topiramate,Migraine Prevention,2016
Tioconazole,Vaginal Yeast Infection,2006
Benzoyl peroxide / clindamycin,Acne,2019
Gianvi,Birth Control,2005
Depakote ER,Bipolar Disorde,2013
Cymbalta,Major Depressive Disorde,2013
Dapagliflozin,"Diabetes, Type 2",2010
Suprep Bowel Prep Kit,Bowel Preparation,2017
Metoclopramide,Migraine,2001
Vyvanse,ADHD,2003
Carvedilol,High Blood Pressure,2008
Doxycycline,Upper Respiratory Tract Infection,2017
Ethinyl estradiol / norethindrone,Birth Control,2010
NuvaRing,Birth Control,2016
Imipramine,Depression,2013
Levonorgestrel,Birth Control,2005
Sprintec,Birth Control,2008
Rituximab,Non-Hodgkin's Lymphoma,2000
Fluoxetine,Depression,2010
Levonorgestrel,Birth Control,2019
Lisdexamfetamine,ADHD,2002
Metoprolol,High Blood Pressure,2013
Methylphenidate,ADHD,2013
Pramosone,Psoriasis,2007
Levonorgestrel,Birth Control,2000
Accutane,Acne,2017
Xanax,Anxiety,2012
Fexofenadine / pseudoephedrine,Allergic Rhinitis,2014
Saphris,Schizophrenia,2012
Suprep Bowel Prep Kit,Bowel Preparation,2009
Leuprolide,Endometriosis,2017
Contrave,Obesity,2008
Ethinyl estradiol / norgestimate,Birth Control,2005
Linaclotide,"Constipation, Chronic",2000
Pristiq,Depression,2004
Lexapro,Depression,2013
Klonopin,Anxiety,2008
Quetiapine,Bipolar Disorde,2002
Topiramate,Migraine Prevention,2007
Vaniqa,Hirsutism,2006
Levothyroxine,Hashimoto's disease,2003
Miconazole,Vaginal Yeast Infection,2013
Duac,Acne,2016
Zolpidem,Insomnia,2009
Ethinyl estradiol / norethindrone,Birth Control,2013
Dicyclomine,Irritable Bowel Syndrome,2006
Atropine / hyoscyamine / phenobarbital / scopolamine,Enterocolitis,2005
Suboxone,Opiate Dependence,2008
Nexplanon,Birth Control,2006
Levitra,Erectile Dysfunction,2016
Metaxalone,Muscle Spasm,2000
Diclofenac,Pain,2011
Nexplanon,Birth Control,2006
Spironolactone,Acne,2002
Bepotastine,"Conjunctivitis, Allergic",2004
Skyla,Birth Control,2011
Spironolactone,Acne,2013
Gabapentin,Hot Flashes,2010
Adapalene,Acne,2016
Ciprofloxacin,Urinary Tract Infection,2010
Strattera,ADHD,2007
Ethinyl estradiol / norethindrone,Birth Control,2016
Ethinyl estradiol / norethindrone,Polycystic Ovary Syndrome,2010
Sodium oxybate,Narcolepsy,2014
Ponstel,Period Pain,2008
Escitalopram,Depression,2012
Elbasvir / grazoprevir,Hepatitis C,2005
Hydroxychloroquine,Rheumatoid Arthritis,2010
Lortab,Pain,2007
Lidocaine / menthol,Muscle Pain,2003
Loestrin 24 Fe,Birth Control,2012
Drysol,Hyperhidrosis,2007
Aripiprazole,Bipolar Disorde,2010
Citalopram,Depression,2007
Lovastatin,High Cholesterol,2004
Letrozole,Breast Cance,2000
Zofran,Nausea/Vomiting,2015
DDAVP,Primary Nocturnal Enuresis,2009
Copper,Birth Control,2004
Orthovisc,Osteoarthritis,2017
Miconazole,Vaginal Yeast Infection,2001
Histrelin,Precocious Puberty,2017
Docosanol,Herpes Simplex,2010
Nexplanon,Birth Control,2001
Ativan,Insomnia,2004
Kyleena,Birth Control,2010
Abilify,Bipolar Disorde,2005
Avelox,Sinusitis,2009
Kapvay,ADHD,2004
Contrave,Obesity,2006
Desogestrel / ethinyl estradiol,Birth Control,2009
Yaz,Acne,2017
Azithromycin,Bronchitis,2009
Pristiq,Anxiety,2003
Levonorgestrel,Birth Control,2001
Desogestrel / ethinyl estradiol,Birth Control,2004
Kyleena,Birth Control,2009
Lorcaserin,Obesity,2019
Phentermine,Weight Loss,2003
Buprenorphine / naloxone,Opiate Dependence,2006
Dulcolax,Constipation,2002
Vilazodone,Depression,2006
Alcaftadine,"Conjunctivitis, Allergic",2014
Tadalafil,Benign Prostatic Hyperplasia,2014
Sertraline,Panic Disorde,2003
Omalizumab,Urticaria,2002
Topamax,Migraine Prevention,2011
Sronyx,Birth Control,2000
Buspirone,Anxiety,2015
Ethinyl estradiol / levonorgestrel,Birth Control,2009
Amaryl,"Diabetes, Type 2",2018
Nexplanon,Birth Control,2001
Remeron,Insomnia,2016
Pristiq,Obesity,2015
Lorazepam,Anxiety,2004
Oxybutynin,Overactive Bladde,2017
Plaquenil,Rheumatoid Arthritis,2008
Risperdal,Bipolar Disorde,2012
Bupropion,Bipolar Disorde,2007
Amitiza,"Constipation, Chronic",2006
Trulicity,"Diabetes, Type 2",2007
Fluoxetine,Hot Flashes,2017
Diazepam,Muscle Spasm,2014
Metronidazole,Bacterial Vaginitis,2002
Augmentin,Bacterial Infection,2005
Anafranil,Obsessive Compulsive Disorde,2015
Quetiapine,Obsessive Compulsive Disorde,2007
Viibryd,Depression,2013
Sprintec,Birth Control,2003
Cariprazine,Schizophrenia,2009
Ethinyl estradiol / norgestimate,Birth Control,2012
Vortioxetine,Major Depressive Disorde,2001
Levofloxacin,Bronchitis,2014
Effexor XR,Anxiety,2009
Zyprexa,Bipolar Disorde,2009
Ativan,Anxiety,2019
Plan B One-Step,Emergency Contraception,2002
Parlodel,Hyperprolactinemia,2006
Bontril Slow Release,Obesity,2009
Sertraline,Panic Disorde,2015
Metronidazole,Bacterial Vaginitis,2000
Methylphenidate,ADHD,2019
Pregabalin,Neuropathic Pain,2010
Viberzi,Irritable Bowel Syndrome,2006
Ethinyl estradiol / norethindrone,Birth Control,2013
Dulcolax,Constipation,2011
Paliperidone,Schizoaffective Disorde,2019
Ezetimibe / simvastatin,High Cholesterol,2011
Sertraline,Depression,2003
Phenytoin,Peripheral Neuropathy,2004
Tretin-X,Acne,2015
Lidoderm,Pain,2017
Wellbutrin XL,Depression,2014
Ortho Tri-Cyclen,Acne,2005
Glucophage,"Diabetes, Type 2",2000
Lurasidone,Bipolar Disorde,2001
Varenicline,Smoking Cessation,2015
Flexeril,Migraine,2015
Requip XL,Periodic Limb Movement Disorde,2009
Fluvoxamine,Obsessive Compulsive Disorde,2002
Hypercare,Hyperhidrosis,2001
Guaifenesin / pseudoephedrine,Cough and Nasal Congestion,2003
Aczone,Acne,2011
Albenza,Pinworm Infection (Enterobius vermicularis),2011
Methadone,Opiate Withdrawal,2008
Nitrofurantoin,Urinary Tract Infection,2002
Tioconazole,Vaginal Yeast Infection,2005
Concerta,ADHD,2005
Levonorgestrel,Birth Control,2003
Bupropion / naltrexone,Obesity,2010
Alesse,Birth Control,2007
ParaGard,Birth Control,2008
Ethinyl estradiol / norelgestromin,Birth Control,2016
Levonorgestrel,Birth Control,2019
Golimumab,Rheumatoid Arthritis,2017
Lexapro,Anxiety,2011
Loestrin 24 Fe,Birth Control,2003
Cleocin,Skin or Soft Tissue Infection,2009
Crestor,High Cholesterol,2016
Minocycline,Acne,2018
Ethinyl estradiol / levonorgestrel,Birth Control,2008
Mirtazapine,Insomnia,2018
Docusate / senna,"Constipation, Acute",2016
Copaxone,Multiple Sclerosis,2017
Levonorgestrel,Birth Control,2018
Ethinyl estradiol / etonogestrel,Birth Control,2014
NuvaRing,Birth Control,2011
Humira,Ankylosing Spondylitis,2010
Nexplanon,Birth Control,2013
Yuvafem,Atrophic Vaginitis,2008
Doxepin,Urticaria,2019
Sertraline,Panic Disorde,2001
Belviq,Obesity,2001
Desogestrel / ethinyl estradiol,Birth Control,2017
Etonogestrel,Birth Control,2004
Glatiramer,Multiple Sclerosis,2013
Hypercare,Hyperhidrosis,2001
Lyrica,ibromyalgia,2003
Magnesium oxide,Hypomagnesemia,2012
Microgestin Fe 1 / 20,Birth Control,2011
Quetiapine,Bipolar Disorde,2015
Promethazine,Allergic Reactions,2008
Methylprednisolone,Inflammatory Conditions,2000
Acetaminophen / butalbital / caffeine,Headache,2012
R-Tanna,Cold Symptoms,2016
Bisacodyl,Constipation,2014
Paroxetine,Generalized Anxiety Disorde,2011
Lo Loestrin Fe,Birth Control,2009
Lo Loestrin Fe,Birth Control,2004
Lexapro,Depression,2017
Metoprolol,High Blood Pressure,2016
Tramadol,Depression,2014
Yohimbine,Erectile Dysfunction,2004
Amoxicillin / clavulanate,Skin and Structure Infection,2014
Ethinyl estradiol / norethindrone,Birth Control,2016
Lyrica,Neuralgia,2007
Levonorgestrel,Birth Control,2016
Phenytoin,Seizures,2012
Roxicet,Pain,2012
Etonogestrel,Birth Control,2019
Accutane,Acne,2007
Morphine,Pain,2014
Propranolol,Mitral Valve Prolapse,2003
Gabapentin,Restless Legs Syndrome,2004
Ovcon 35,Birth Control,2016
Tadalafil,Erectile Dysfunction,2018
Acetaminophen / codeine,Pain,2014
Tadalafil,Erectile Dysfunction,2006
Phentermine,Weight Loss,2010
Valium,13</span> users found this comment helpful.,2005
Seasonale,Abnormal Uterine Bleeding,2003
Mirabegron,Overactive Bladde,2004
Naproxen,Osteoarthritis,2010
Mucinex D,Cough and Nasal Congestion,2006
Quetiapine,Bipolar Disorde,2013
Metronidazole,Bacterial Infection,2016
Pitavastatin,High Cholesterol,2013
Doxylamine,Insomnia,2019
Accutane,Acne,2000
Ethinyl estradiol / norgestimate,Birth Control,2009
Tri-Sprintec,Birth Control,2002
Dulcolax,Constipation,2007
Losartan,High Blood Pressure,2018
Bupropion,Major Depressive Disorde,2019
Zanaflex,Muscle Spasm,2016
Ibuprofen,eve,2018
Ethinyl estradiol / norgestimate,,2000
Mirtazapine,Depression,2014
Clobazam,Lennox-Gastaut Syndrome,2019
Lamictal,Seizure Prevention,2003
Sulfamethoxazole / trimethoprim,Urinary Tract Infection,2001
Tylenol PM,Pain,2011
Metronidazole,Bacterial Vaginitis,2008
Liraglutide,"Diabetes, Type 2",2004
Bismuth subcitrate potassium / metronidazole / tetracycline,Helicobacter Pylori Infection,2018
Klonopin,Anxiety,2019
Drospirenone / ethinyl estradiol,Birth Control,2003
Duloxetine,Depression,2002
Ixekizumab,Plaque Psoriasis,2015
Keppra,Epilepsy,2017
Clindamycin,Sinusitis,2003
Librium,Alcohol Withdrawal,2016
Drysol,Hyperhidrosis,2010
Etonogestrel,Birth Control,2018
Aluminum chloride hexahydrate,Hyperhidrosis,2012
Medroxyprogesterone,Birth Control,2017
Plan B One-Step,Emergency Contraception,2001
Adderall,Narcolepsy,2007
Nicoderm CQ,Smoking Cessation,2007
Escitalopram,Anxiety,2001
Levonorgestrel,Emergency Contraception,2009
Mirena,Birth Control,2019
Tramadol,ibromyalgia,2013
Nexium,GERD,2011
Effexor XR,Depression,2004
Atropine / diphenoxylate,Diarrhea,2000
Sertraline,Panic Disorde,2011
Camrese,Birth Control,2009
Clonazepam,Anxiety,2009
Brexpiprazole,Depression,2016
Lansoprazole,GERD,2013
Buprenorphine / naloxone,Opiate Dependence,2000
Gabapentin,ibromyalgia,2017
Lo Loestrin Fe,Birth Control,2016
Celexa,Anxiety and Stress,2007
Triumeq,HIV Infection,2013
Neurontin,ibromyalgia,2002
Medroxyprogesterone,Birth Control,2004
Brimonidine,Rosacea,2017
Dextromethorphan,Cough,2001
Bupropion,Seasonal Affective Disorde,2009
Tapentadol,Pain,2004
Prozac,Depression,2009
Vivitrol,Opiate Dependence,2017
Clomid,emale Infertility,2000
Concerta,ADHD,2011
Vortioxetine,Depression,2010
Cymbalta,ibromyalgia,2014
Lamictal,Bipolar Disorde,2005
Abilify,Schizophrenia,2017
Pantoprazole,GERD,2015
Ultram,34</span> users found this comment helpful.,2001
Tri-Previfem,Birth Control,2000
Vitamin D2,Vitamin D Deficiency,2002
Byetta,"Diabetes, Type 2",2010
Escitalopram,Depression,2003
Risperidone,Schizoaffective Disorde,2013
Etanercept,Psoriasis,2006
Macrobid,Bladder Infection,2009
Brimonidine,Rosacea,2010
Levonorgestrel,Birth Control,2017
Amitriptyline,ibromyalgia,2011
Epiduo,Acne,2001
Collagenase Santyl,Keratosis,2002
Lisinopril,High Blood Pressure,2004
Etonogestrel,Birth Control,2002
Anoro Ellipta,COPD,2005
Dexlansoprazole,GERD,2010
OxyContin,Pain,2009
Linzess,7</span> users found this comment helpful.,2018
Acyclovir,Cold Sores,2019
Vyvanse,Asperger Syndrome,2007
Abreva,Herpes Simplex,2011
Celexa,Depression,2015
Triamcinolone,Allergic Rhinitis,2016
Tranylcypromine,Depression,2002
Miconazole,Vaginal Yeast Infection,2016
Ethinyl estradiol / norethindrone,Birth Control,2007
Gemfibrozil,High Cholesterol,2000
Implanon,Birth Control,2010
Valacyclovir,Herpes Zoste,2017
Ethinyl estradiol / etonogestrel,Birth Control,2007
Aluminum chloride hexahydrate,Hyperhidrosis,2013
Sklice,Head Lice,2008
Escitalopram,Depression,2005
Carisoprodol,Muscle Spasm,2019
Pristiq,Depression,2009
Eszopiclone,Insomnia,2003
Nexplanon,Birth Control,2012
Penicillin v potassium,Bacterial Infection,2009
Medroxyprogesterone,,2014
Benzoyl peroxide / clindamycin,Acne,2018
Amitriptyline,Insomnia,2014
Plan B,Emergency Contraception,2018
Implanon,Birth Control,2009
Vardenafil,Erectile Dysfunction,2016
Paroxetine,Hot Flashes,2011
Zolmitriptan,Migraine,2009
Levonorgestrel,Birth Control,2018
Modafinil,Obstructive Sleep Apnea/Hypopnea Syndrome,2017
Leuprolide,Prostate Cance,2019
Desogestrel / ethinyl estradiol,Birth Control,2017
Quetiapine,Major Depressive Disorde,2008
Lorazepam,Anxiety,2000
NuvaRing,Birth Control,2014
Pristiq,Depression,2006
Apri,Birth Control,2003
Kombiglyze XR,"Diabetes, Type 2",2001
Luvox,Obsessive Compulsive Disorde,2012
LoSeasonique,Birth Control,2010
Celexa,Anxiety and Stress,2017
Lyrica,Neuralgia,2008
Valacyclovir,Cold Sores,2002
Ethinyl estradiol / norethindrone,Birth Control,2000
Copper,Birth Control,2005
Hydrocortisone / pramoxine,Hemorrhoids,2019
Baclofen,Muscle Spasm,2002
Phosphorated carbohydrate solution,Nausea/Vomiting,2001
Pristiq,Depression,2018
Nitrofurantoin,Urinary Tract Infection,2008
Norethindrone,Birth Control,2015
Tri-Sprintec,Birth Control,2006
Orapred,Dermatitis,2000
Quetiapine,Bipolar Disorde,2017
Etodolac,Pain,2013
Meridia,Obesity,2009
Oxcarbazepine,Anxiety,2016
Xulane,Birth Control,2000
Metformin,Insulin Resistance Syndrome,2006
Aviane,Birth Control,2001
Mirtazapine,Depression,2006
Cozaar,High Blood Pressure,2006
Ethinyl estradiol / levonorgestrel,Birth Control,2000
Mirena,Birth Control,2005
Ziana,Acne,2015
Vicks Sinex Nasal Spray (old formulation),Nasal Congestion,2008
Valtrex,Cold Sores,2014
Benicar,High Blood Pressure,2005
Adderall,ADHD,2011
Abreva,Herpes Simplex,2004
Bupropion,Anxiety,2004
Zubsolv,Opiate Dependence,2013
Escitalopram,Depression,2013
Acetaminophen / butalbital / caffeine,Headache,2017
Minocycline,Acne,2008
Paroxetine,Depression,2012
Ciprofloxacin,Kidney Infections,2014
Ethinyl estradiol / norgestimate,Acne,2005
Sertraline,Social Anxiety Disorde,2012
Duloxetine,Pain,2002
Clonazepam,Insomnia,2016
Lamotrigine,Bipolar Disorde,2004
Orlistat,Obesity,2010
Suprep Bowel Prep Kit,Bowel Preparation,2013
Drospirenone / ethinyl estradiol / levomefolate calcium,Birth Control,2000
Lexapro,Obsessive Compulsive Disorde,2011
Vaniqa,Hirsutism,2015
Aripiprazole,Bipolar Disorde,2008
Ethinyl estradiol / norgestimate,Birth Control,2003
Mirena,Birth Control,2014
Varenicline,Smoking Cessation,2014
Hydrocortisone / pramoxine,Psoriasis,2007
Quetiapine,Bipolar Disorde,2009
Lurasidone,Bipolar Disorde,2016
Zolpidem,Insomnia,2008
Vyvanse,ADHD,2006
NuvaRing,Birth Control,2004
Ethinyl estradiol / norethindrone,,2012
Accutane,Acne,2008
Bupropion,Smoking Cessation,2002
Dexamethasone Intensol,Inflammatory Conditions,2007
Mesalamine,"Crohn's Disease, Maintenance",2002
Ethinyl estradiol / levonorgestrel,Birth Control,2011
Ustekinumab,Psoriasis,2003
Clindamycin,Sinusitis,2018
Diclofenac,Pain,2017
Vortioxetine,Depression,2011
Nitrofurantoin,Urinary Tract Infection,2013
Ondansetron,Gastroenteritis,2012
Colesevelam,"Diarrhea, Chronic",2014
Rogaine,Alopecia,2006
Azithromycin,Sinusitis,2001
Ethinyl estradiol / levonorgestrel,,2013
Ethinyl estradiol / levonorgestrel,Birth Control,2011
Effexor XR,Obsessive Compulsive Disorde,2007
Cobicistat / elvitegravir / emtricitabine / tenofovir,HIV Infection,2011
Lisdexamfetamine,ADHD,2001
Propranolol,Migraine Prevention,2002
Formoterol,moterol),2018
Oxycodone,Pain,2015
Hydroxyurea,Thrombocythemia,2012
Tarceva,Non-Small Cell Lung Cance,2012
Trazodone,Depression,2006
Metoprolol,High Blood Pressure,2012
Plan B,Emergency Contraception,2013
Amphetamine / dextroamphetamine,Narcolepsy,2016
Sumatriptan,Migraine,2005
Benzoyl peroxide / clindamycin,Acne,2000
Ethinyl estradiol / levonorgestrel,Birth Control,2005
Mirena,Abnormal Uterine Bleeding,2019
Citalopram,Anxiety and Stress,2007
Itraconazole,Histoplasmosis,2010
Paxil,Social Anxiety Disorde,2003
Esgic-Plus,Headache,2001
Cobicistat / elvitegravir / emtricitabine / tenofovir,HIV Infection,2015
Ambien,Insomnia,2019
Phosphorated carbohydrate solution,Nausea (phosphorated carbohydrate solution),2005
Diflucan,Vaginal Yeast Infection,2014
Buspirone,Anxiety,2001
Etonogestrel,Birth Control,2013
Dymista,Allergic Rhinitis,2016
Efavirenz / emtricitabine / tenofovir,HIV Infection,2002
Multivitamin,Dietary Supplementation,2006
Valium,Anxiety,2011
Singulair,"Asthma, Maintenance",2003
Hydromorphone,Chronic Pain,2018
Naproxen / sumatriptan,Migraine,2014
Zonegran,Seizures,2010
Temazepam,Insomnia,2016
Ciprofloxacin,Urinary Tract Infection,2013
Implanon,Birth Control,2006
Paroxetine,Depression,2008
Moderiba,Hepatitis C,2009
Kadian,Pain,2019
Liletta,Birth Control,2004
Paxil,Anxiety and Stress,2008
Paxil,Depression,2010
Sodium hyaluronate,Osteoarthritis,2013
Silodosin,Benign Prostatic Hyperplasia,2000
Alprazolam,Depression,2008
Etonogestrel,Birth Control,2010
Bupropion,Depression,2004
Eluxadoline,Irritable Bowel Syndrome,2006
Buprenorphine / naloxone,Opiate Dependence,2003
Amoxicillin / clavulanate,Bacterial Infection,2011
Zocor,High Cholesterol,2004
Tenormin,High Blood Pressure,2014
Nexplanon,Birth Control,2016
Cobicistat / elvitegravir / emtricitabine / tenofovir alafenamide,HIV Infection,2006
Canasa,Ulcerative Proctitis,2011
Etonogestrel,Birth Control,2018
Buspirone,Anxiety,2001
Phentermine,Weight Loss,2008
Victoza,Weight Loss,2001
Amitriptyline,Insomnia,2016
Escitalopram,Depression,2012
Lacosamide,Seizures,2008
Acetaminophen / oxycodone,Pain,2013
Darifenacin,Urinary Incontinence,2012
Norethindrone,Birth Control,2015
Orphenadrine,Migraine,2002
Glipizide,"Diabetes, Type 2",2012
Cimzia,Psoriatic Arthritis,2002
Seasonique,Birth Control,2018
Trazodone,ibromyalgia,2003
Nitrofurantoin,Bladder Infection,2005
Lo Loestrin Fe,Birth Control,2008
Asenapine,,2010
Sumatriptan,Cluster Headaches,2007
Ceftin,Bacterial Infection,2016
Silodosin,Benign Prostatic Hyperplasia,2013
Ticagrelor,Acute Coronary Syndrome,2005
Provigil,Obstructive Sleep Apnea/Hypopnea Syndrome,2015
Exenatide,"Diabetes, Type 2",2006
Teriparatide,Osteoporosis,2017
Tiotropium,"COPD, Maintenance",2012
Nexplanon,Birth Control,2011
Abacavir / lamivudine,HIV Infection,2017
Magnesium sulfate / potassium sulfate / sodium sulfate,Bowel Preparation,2005
Cymbalta,Depression,2009
Sertraline,Depression,2014
Benzoyl peroxide / clindamycin,Acne,2015
Xiidra,Dry Eye Disease,2017
Yaz,Birth Control,2001
Ethinyl estradiol / norgestimate,Birth Control,2013
Dimethyl fumarate,Multiple Sclerosis,2001
Minocycline,Rosacea,2003
Selegiline,Major Depressive Disorde,2001
Buprenorphine,Opiate Dependence,2007
Pramipexole,Restless Legs Syndrome,2012
Depo-Provera,Abnormal Uterine Bleeding,2004
Oxycodone,Pain,2012
Voltaren,Osteoarthritis,2011
Nitrofurantoin,Urinary Tract Infection,2013
Citalopram,Depression,2003
Symbyax,Bipolar Disorde,2012
Tramadol,Pain,2018
Lyrica,ibromyalgia,2005
Copaxone,Multiple Sclerosis,2000
Liraglutide,Obesity,2002
Drospirenone / ethinyl estradiol / levomefolate calcium,Birth Control,2008
Phentermine,Weight Loss,2010
Benadryl Allergy,Allergic Reactions,2018
Levonorgestrel,Birth Control,2003
Clarithromycin,Helicobacter Pylori Infection,2019
Tadalafil,Erectile Dysfunction,2005
Ethinyl estradiol / norgestimate,Abnormal Uterine Bleeding,2010
Neurontin,Migraine,2010
Paroxetine,Hot Flashes,2019
Hydroxyzine,Sedation,2018
Aluminum chloride hexahydrate,Hyperhidrosis,2011
Clotrimazole,Cutaneous Candidiasis,2003
Miconazole,Vaginal Yeast Infection,2011
Aluminum chloride hexahydrate,Hyperhidrosis,2011
Ethinyl estradiol / norgestimate,Birth Control,2007
Velivet,Birth Control,2010
LoSeasonique,Birth Control,2000
Etanercept,Plaque Psoriasis,2015
Remeron,Major Depressive Disorde,2002
Olanzapine,Borderline Personality Disorde,2009
Amitriptyline,Insomnia,2013
Flector Patch,Pain,2005
Etonogestrel,Birth Control,2002
Etonogestrel,Birth Control,2017
Norethindrone,Birth Control,2001
Miconazole,Vaginal Yeast Infection,2017
Phentermine,Weight Loss,2007
Bonine,Motion Sickness,2019
Lyrica,Neuropathic Pain,2000
Ortho Micronor,Birth Control,2011
Bisacodyl,Bowel Preparation,2008
Loestrin 24 Fe,1</span> users found this comment helpful.,2008
Ethinyl estradiol / levonorgestrel,Birth Control,2009
Clonidine,Opiate Withdrawal,2002
Quetiapine,Bipolar Disorde,2001
Abreva,Herpes Simplex,2012
Levonorgestrel,Emergency Contraception,2008
Clindamycin,Bacterial Infection,2008
Drospirenone / ethinyl estradiol,Birth Control,2016
Yaz,0</span> users found this comment helpful.,2013
Dulcolax,Constipation,2010
Nexplanon,Birth Control,2003
Aubra,Birth Control,2002
Nexplanon,Birth Control,2002
Phenelzine,Depression,2005
Ethinyl estradiol / levonorgestrel,,2014
Xanax,Panic Disorde,2002
Azithromycin,Bronchitis,2014
Yaz,Menstrual Disorders,2000
Aripiprazole,Bipolar Disorde,2008
Atenolol,High Blood Pressure,2012
Alprazolam,Anxiety,2003
Fentanyl,Breakthrough Pain,2013
Lo Loestrin Fe,Birth Control,2007
MoviPrep,Bowel Preparation,2010
Levetiracetam,Seizures,2002
Fluconazole,Vaginal Yeast Infection,2011
Klonopin,Panic Disorde,2011
Montelukast,"Asthma, Maintenance",2017
Zoloft,Depression,2007
ParaGard,Birth Control,2014
Ethinyl estradiol / norethindrone,Birth Control,2004
Chantix,Smoking Cessation,2002
Venlafaxine,,2013
Estradiol,Primary Ovarian Failure,2017
Alprazolam,Panic Disorde,2017
Phenazopyridine,Dysuria,2002
Amitriptyline,Insomnia,2006
Transderm-Scop,Motion Sickness,2015
Voltaren,Pain,2013
Vyvanse,ADHD,2005
Vortioxetine,Major Depressive Disorde,2011
Tofacitinib,Rheumatoid Arthritis,2001
Letrozole,Breast Cance,2012
Propranolol,Panic Disorde,2003
Skyla,Birth Control,2012
Diazepam,Anxiety,2001
Phentermine,Weight Loss,2013
Vyvanse,ADHD,2018
Liraglutide,"Diabetes, Type 2",2019
Contrave,Obesity,2006
Nexplanon,Birth Control,2008
Phentermine / topiramate,Weight Loss,2001
Levonorgestrel,Birth Control,2004
Hydrocodone / ibuprofen,Pain,2014
Ammonium lactate,Dry Skin,2006
Latuda,Bipolar Disorde,2003
Benicar,High Blood Pressure,2003
Liletta,Birth Control,2017
Yaz,Birth Control,2005
Zyrtec,Allergic Rhinitis,2001
Immune globulin subcutaneous,Primary Immunodeficiency Syndrome,2011
Nitrofurantoin,Urinary Tract Infection,2007
Duloxetine,Depression,2003
Cambia,Migraine,2008
Doxepin,Insomnia,2001
Hydroxyzine,Allergies,2005
Rexulti,Major Depressive Disorde,2006
Atorvastatin,High Cholesterol,2007
Ethinyl estradiol / norelgestromin,Birth Control,2008
Buprenorphine / naloxone,Opiate Dependence,2003
Indomethacin,Rheumatoid Arthritis,2012
Avanafil,Erectile Dysfunction,2017
Testosterone,"Hypogonadism, Male",2015
Phentermine,Weight Loss,2002
Ethinyl estradiol / norethindrone,Birth Control,2011
Metronidazole,Bacterial Vaginitis,2010
Xanax,Anxiety,2004
Citalopram,Generalized Anxiety Disorde,2000
Rozerem,Insomnia,2005
Medroxyprogesterone,Abnormal Uterine Bleeding,2005
Estarylla,Birth Control,2011
Diltiazem,Supraventricular Tachycardia,2007
Cardura XL,Benign Prostatic Hyperplasia,2019
Microgestin Fe 1.5 / 30,Birth Control,2002
Azelastine / fluticasone,Allergic Rhinitis,2001
Exenatide,"Diabetes, Type 2",2010
Ortho Evra,Birth Control,2007
Mucinex D,Cough and Nasal Congestion,2004
Xanax,Anxiety,2019
Pramoxine,Hemorrhoids,2011
Flomax,Benign Prostatic Hyperplasia,2006
Pantoprazole,GERD,2004
Bupropion,Depression,2017
Bisacodyl,Constipation,2018
Etonogestrel,Birth Control,2018
Humira,"Crohn's Disease, Maintenance",2015
Adapalene / benzoyl peroxide,Acne,2011
Naphazoline,Nasal Congestion,2002
Hydroxyzine,Pain,2019
Ethinyl estradiol / etonogestrel,Birth Control,2003
Botox,Overactive Bladde,2019
Mirena,Birth Control,2018
Ondansetron,Nausea/Vomiting,2006
Nexplanon,Birth Control,2007
Gabapentin,Alcohol Withdrawal,2018
Seasonique,Birth Control,2012
Modafinil,Shift Work Sleep Disorde,2002
Nexplanon,Birth Control,2012
Cymbalta,Pain,2013
MiraLax,Constipation,2016
Levothyroxine,Hashimoto's disease,2008
Bismuth subsalicylate,Diarrhea,2003
Neurontin,Pain,2004
Acetaminophen / propoxyphene,Pain,2000
Contrave,Weight Loss,2019
Ultram,Back Pain,2011
Propranolol,mance Anxiety,2002
Soma,Muscle Spasm,2012
Minocycline,Acne,2003
Miconazole,Vaginal Yeast Infection,2010
Topamax,Trigeminal Neuralgia,2004
Cryselle,Birth Control,2016
Irbesartan,High Blood Pressure,2001
Dalfampridine,Multiple Sclerosis,2007
Tysabri,Multiple Sclerosis,2007
Armodafinil,Narcolepsy,2012
Copper,Birth Control,2018
Vytorin,High Cholesterol,2009
Doxycycline,Bacterial Infection,2018
Ultram,Pain,2005
Levonorgestrel,Birth Control,2013
Etonogestrel,Birth Control,2009
Copper,Birth Control,2007
Aripiprazole,Borderline Personality Disorde,2003
Dulaglutide,"Diabetes, Type 2",2007
Belviq,Weight Loss,2001
Angeliq,Postmenopausal Symptoms,2001
Montelukast,Asthma,2003
Asenapine,Bipolar Disorde,2002
Etonogestrel,Birth Control,2000
Citalopram,Anxiety and Stress,2011
Muse,Erectile Dysfunction,2014
Ethinyl estradiol / norgestimate,Birth Control,2016
Prozac,Depression,2012
Mirena,Birth Control,2003
Norpramin,Depression,2000
DesOwen,Eczema,2014
Acetaminophen / oxycodone,Pain,2011
Sulfamethoxazole / trimethoprim,Urinary Tract Infection,2011
Delsym,Cough,2014
Bupropion / naltrexone,Obesity,2000
Imiquimod,Human Papilloma Virus,2007
Apri,Birth Control,2007
Implanon,Birth Control,2003
Etonogestrel,Birth Control,2017
Tecfidera,Multiple Sclerosis,2019
Oxycodone,Chronic Pain,2008
MiraLax,Constipation,2009
Duloxetine,Depression,2001
Plan B,Emergency Contraception,2011
Prednisone,Inflammatory Conditions,2005
Levonorgestrel,Emergency Contraception,2008
Ethinyl estradiol / norethindrone,Endometriosis,2010
Epogen,Anemia Associated with Chronic Renal Failure,2001
Ibuprofen,"Gout, Acute",2000
Xanax,Panic Disorde,2014
Microgestin 1 / 20,Birth Control,2005
Dilaudid,Pain,2000
Cymbalta,Depression,2006
Zolpidem,Insomnia,2006
Levothyroxine,Hashimoto's disease,2012
Armour Thyroid,Thyroid Cance,2016
Junel Fe 1 / 20,Birth Control,2011
Norethindrone,Birth Control,2011
Eflornithine,Hirsutism,2001
Lamictal,Bipolar Disorde,2006
Levonorgestrel,Emergency Contraception,2000
Amphetamine / dextroamphetamine,ADHD,2007
Nexplanon,Birth Control,2005
Paxil,Anxiety and Stress,2006
Yaz,Birth Control,2018
Humira,Psoriasis,2004
Nitrofurantoin,Urinary Tract Infection,2003
Hyaluronan,Osteoarthritis,2009
Fluoxetine,Depression,2016
Venlafaxine,ibromyalgia,2006
Clindamycin,Pneumonia,2008
Trazodone,Insomnia,2009
Ethinyl estradiol / etonogestrel,Birth Control,2009
Etanercept,Juvenile Idiopathic Arthritis,2001
Mucinex,Bronchitis,2014
Mirtazapine,Post Traumatic Stress Disorde,2014
Lamotrigine,Cyclothymic Disorde,2004
Zyvox,Methicillin-Resistant Staphylococcus Aureus Infection,2002
Adalimumab,"Crohn's Disease, Maintenance",2014
Ethinyl estradiol / levonorgestrel,Birth Control,2014
Xulane,Birth Control,2010
Thyroid desiccated,Underactive Thyroid,2017
Norco,Pain,2016
Endocet,Pain,2009
Magnesium citrate,Constipation,2000
Phentermine,Obesity,2014
Bupropion / naltrexone,Obesity,2007
Hydrocodone / ibuprofen,Pain,2002
Solifenacin,Overactive Bladde,2008
Ethinyl estradiol / norethindrone,Birth Control,2004
Lamotrigine,Seizure Prevention,2003
Cipro,Urinary Tract Infection,2014
Propofol,Anesthesia,2002
Chlordiazepoxide / clidinium,Irritable Bowel Syndrome,2011
Tramadol,Chronic Pain,2017
Ethinyl estradiol / levonorgestrel,Birth Control,2013
Terbinafine,"Onychomycosis, Toenail",2019
Trileptal,Bipolar Disorde,2013
Hydromorphone,Pain,2010
Norflex,Muscle Spasm,2019
Naloxone,Opioid Overdose,2010
Valacyclovir,"Herpes Simplex, Suppression",2019
Fluticasone,Rhinitis,2016
Liothyronine,Underactive Thyroid,2002
Guaifenesin / pseudoephedrine,Cough and Nasal Congestion,2003
Tioconazole,Vaginal Yeast Infection,2008
Olanzapine,Schizoaffective Disorde,2011
Microgestin Fe 1.5 / 30,Birth Control,2013
Vanoxide-HC,Acne,2001
Selsun Blue,Tinea Versicol,2002
Methamphetamine,Obesity,2000
Lysine,"Herpes Simplex, Suppression",2004
Acetaminophen / hydrocodone,Pain,2000
Propranolol,mance Anxiety,2008
Ethinyl estradiol / norethindrone,Birth Control,2019
Acetaminophen / hydrocodone,Back Pain,2005
Diazepam,Anxiety,2008
Diclofenac,Pain,2006
Tramadol,Pain,2017
Cipro,Bacterial Infection,2005
Fludrocortisone,Postural Orthostatic Tachycardia Syndrome,2003
Bismuth subcitrate potassium / metronidazole / tetracycline,Helicobacter Pylori Infection,2006
Norethindrone,Birth Control,2017
Lamictal,Bipolar Disorde,2018
Xanax,Anxiety,2019
Zolpidem,Insomnia,2017
Jolessa,Abnormal Uterine Bleeding,2009
Phentermine,Weight Loss,2005
Duloxetine,Anxiety,2017
Doxycycline,Upper Respiratory Tract Infection,2004
Clonazepam,Panic Disorde,2013
Adalimumab,"Crohn's Disease, Maintenance",2015
Ultram ER,Pain,2004
Polyethylene glycol 3350,Constipation,2016
Temazepam,Insomnia,2014
Prazosin,Post Traumatic Stress Disorde,2012
Ethinyl estradiol / norethindrone,Birth Control,2008
Nexplanon,Birth Control,2011
Bactrim,Acne,2000
Ortho Micronor,Birth Control,2000
Gabapentin,Restless Legs Syndrome,2002
Tegretol,Epilepsy,2015
Cobicistat / elvitegravir / emtricitabine / tenofovir alafenamide,HIV Infection,2006
Naltrexone,Alcohol Dependence,2007
Acetaminophen / hydrocodone,Rheumatoid Arthritis,2009
Fesoterodine,Overactive Bladde,2010
Loryna,Acne,2013
Rapaflo,Benign Prostatic Hyperplasia,2009
Escitalopram,Bipolar Disorde,2007
Methylphenidate,ADHD,2016
Implanon,Birth Control,2004
Milnacipran,ibromyalgia,2014
Tresiba,"Diabetes, Type 1",2019
Eletriptan,Migraine,2001
Paroxetine,Anxiety and Stress,2001
Moxifloxacin,Bacterial Infection,2008
Irbesartan,High Blood Pressure,2018
Plan B,Emergency Contraception,2010
Magnesium sulfate / potassium sulfate / sodium sulfate,Bowel Preparation,2006
Acetaminophen / hydrocodone,Cough,2006
Varenicline,Smoking Cessation,2009
Venlafaxine,Depression,2014
Sertraline,Anxiety and Stress,2010
Drospirenone / ethinyl estradiol,Acne,2009
Phentermine / topiramate,Weight Loss,2005
Lyrica,ibromyalgia,2007
Phentermine,Weight Loss,2014
Minocycline,Acne,2005
Seroquel,Insomnia,2012
Tekturna,High Blood Pressure,2015
Adapalene,Acne,2003
Quetiapine,Bipolar Disorde,2009
Lupron,Prostate Cance,2006
Duloxetine,Depression,2000
Microgestin Fe 1 / 20,Birth Control,2009
Lurasidone,Bipolar Disorde,2008
Nexplanon,Birth Control,2008
Eszopiclone,Insomnia,2019
Dolutegravir,HIV Infection,2016
Bupropion / naltrexone,Obesity,2012
Copper,Birth Control,2002
Risperidone,Schizoaffective Disorde,2000
Augmentin,Strep Throat,2008
Terbinafine,"Onychomycosis, Toenail",2001
Testosterone,"Hypogonadism, Male",2012
Acetaminophen / hydrocodone,Back Pain,2015
Duloxetine,Osteoarthritis,2016
Diclofenac,Ankylosing Spondylitis,2015
Microgestin Fe 1.5 / 30,Birth Control,2014
Bupropion,Major Depressive Disorde,2016
Chateal,Birth Control,2015
Aluminum chloride hexahydrate,Hyperhidrosis,2019
Citalopram,Agitation,2004
Lialda,"Ulcerative Colitis, Active",2009
Diclofenac,Pain,2013
Aviane,Abnormal Uterine Bleeding,2004
Ethinyl estradiol / levonorgestrel,Abnormal Uterine Bleeding,2007
Ibuprofen,eve,2018
Ortho Micronor,Birth Control,2003
Jolessa,Birth Control,2006
Lexapro,Generalized Anxiety Disorde,2005
Bupropion / naltrexone,Obesity,2013
Fingolimod,Multiple Sclerosis,2006
Implanon,Birth Control,2015
Atripla,HIV Infection,2000
Skyla,Birth Control,2019
Escitalopram,Anxiety,2014
Tretinoin,Acne,2008
Methylprednisolone,Inflammatory Conditions,2014
Nexplanon,Birth Control,2000
Epiduo,Acne,2003
Eliquis,Prevention of Thromboembolism in Atrial Fibrillation,2008
Sumavel DosePro,Migraine,2008
Amitriptyline,Pain,2009
Cymbalta,Depression,2018
Meperidine,Pain,2008
Diovan,High Blood Pressure,2013
Desvenlafaxine,Anxiety,2015
"Insulin inhalation, rapid acting","Diabetes, Type 1",2002
Promethazine,Nausea/Vomiting,2006
Aluminum chloride hexahydrate,Hyperhidrosis,2001
Ethinyl estradiol / norgestimate,Birth Control,2006
Nexplanon,Birth Control,2017
Oracea,Rosacea,2000
Bisacodyl,Constipation,2001
Reclipsen,14</span> users found this comment helpful.,2013
Prednisone,Allergic Reactions,2001
Zofran,Nausea/Vomiting,2006
Oxybutynin,Overactive Bladde,2001
Bupropion / naltrexone,Weight Loss,2010
Fesoterodine,Overactive Bladde,2011
Buprenorphine / naloxone,Opiate Dependence,2004
Citalopram,Anxiety and Stress,2009
Fluoxetine,Premenstrual Dysphoric Disorde,2017
Diprivan,Anesthesia,2002
Depo-Provera,Endometriosis,2005
Jolivette,Birth Control,2001
Focalin,ADHD,2003
Levonorgestrel,Emergency Contraception,2006
Isotretinoin,Acne,2018
Levonorgestrel,Birth Control,2013
Methadone,Chronic Pain,2004
Aviane,Birth Control,2002
Tamsulosin,Urinary Tract Stones,2011
Sertraline,Anxiety and Stress,2016
Zoloft,Panic Disorde,2005
Differin,Acne,2018
Savella,ibromyalgia,2017
Levonorgestrel,,2011
Amitriptyline,Pain,2004
Clarithromycin,Bronchitis,2011
Fosinopril,High Blood Pressure,2004
Dexlansoprazole,GERD,2003
Medroxyprogesterone,Birth Control,2006
Imitrex,Migraine,2011
Tinidazole,Bacterial Vaginitis,2000
Lexapro,Anxiety,2015
Dextromethorphan,Cough,2016
Miconazole,Vaginal Yeast Infection,2000
Skyla,Birth Control,2019
Abreva,Herpes Simplex,2002
Eplerenone,High Blood Pressure,2003
Livalo,High Cholesterol,2013
NuvaRing,Birth Control,2017
Amitriptyline,Pain,2004
Vilazodone,Major Depressive Disorde,2005
Acetaminophen / hydrocodone,Pain,2017
Sertraline,Post Traumatic Stress Disorde,2008
Ziprasidone,Schizophrenia,2018
Gabapentin,Anxiety,2001
Plan B One-Step,Emergency Contraception,2012
Loratadine / pseudoephedrine,Nasal Congestion,2015
Ethinyl estradiol / norgestimate,Birth Control,2018
Implanon,Birth Control,2016
Effexor,Obsessive Compulsive Disorde,2014
Klonopin,Anxiety,2001
Zithromax,"Mycobacterium avium-intracellulare, Treatment",2019
Amitriptyline,Pain,2003
Movantik,"Constipation, Drug Induced",2011
Alprazolam,Anxiety,2004
Medroxyprogesterone,Abnormal Uterine Bleeding,2019
Biaxin,Strep Throat,2018
Chantix,Smoking Cessation,2008
Levonorgestrel,Birth Control,2005
Quetiapine,Post Traumatic Stress Disorde,2002
Sertraline,Depression,2019
Varenicline,Smoking Cessation,2012
Phentermine,Weight Loss,2017
Hydrocodone / ibuprofen,Pain,2012
Remeron,Anxiety,2009
Lexapro,Depression,2012
Miconazole,Vaginal Yeast Infection,2017
Tri-Previfem,1</span> users found this comment helpful.,2009
Restasis,Keratoconjunctivitis Sicca,2009
Metronidazole,Bacterial Vaginitis,2010
Latuda,Bipolar Disorde,2000
Loestrin 24 Fe,Birth Control,2001
Efinaconazole,"Onychomycosis, Toenail",2000
Sprintec,Birth Control,2010
Citalopram,Anxiety and Stress,2010
Hypercare,Hyperhidrosis,2012
Sildenafil,,2018
Saxenda,Obesity,2014
Tizanidine,Cluster Headaches,2018
Ethinyl estradiol / norethindrone,Birth Control,2001
Celecoxib,Osteoarthritis,2014
Harvoni,Hepatitis C,2010
Gianvi,Birth Control,2002
Depo-Provera,Birth Control,2004
Augmentin,Sinusitis,2018
Implanon,Birth Control,2017
Fluoxetine,Anxiety and Stress,2006
Epclusa,Hepatitis C,2013
Viibryd,Depression,2004
Wellbutrin,Depression,2007
GoLYTELY,Bowel Preparation,2016
Paxil,Depression,2017
Tarka,High Blood Pressure,2013
Polyethylene glycol 3350 with electrolytes,Bowel Preparation,2007
Zohydro ER,Pain,2002
Etonogestrel,Birth Control,2006
Eluxadoline,Irritable Bowel Syndrome,2012
Belviq,Weight Loss,2000
Bupropion / naltrexone,Obesity,2007
Atomoxetine,ADHD,2018
Buspirone,Anxiety,2002
Etonogestrel,Birth Control,2003
Depo-Provera,Birth Control,2000
Miacalcin Nasal,Osteoporosis,2002
Prepopik,Bowel Preparation,2019
Zolpidem,Insomnia,2001
Escitalopram,Anxiety,2017
Ortho Micronor,Birth Control,2019
Lamictal,Bipolar Disorde,2004
Ethinyl estradiol / norgestimate,Birth Control,2004
Topamax,ibromyalgia,2009
Indomethacin,"Gout, Acute",2003
Skyla,Birth Control,2013
Tussionex Pennkinetic,Cough,2015
Victoza,"Diabetes, Type 2",2000
Norethindrone,Birth Control,2015
Prazosin,Nightmares,2017
Levomilnacipran,Depression,2006
Aubra,Birth Control,2007
Benicar,High Blood Pressure,2009
Yaz,Birth Control,2014
Focalin,ADHD,2011
Modafinil,Narcolepsy,2014
Magnesium citrate,Constipation,2017
Ortho Micronor,Abnormal Uterine Bleeding,2001
Aleve,"Gout, Acute",2017
Vyvanse,ADHD,2004
Ciprofloxacin,Urinary Tract Infection,2018
Suboxone,Opiate Dependence,2003
Tioconazole,Vaginal Yeast Infection,2003
Moxifloxacin,Bacterial Infection,2016
Amphetamine / dextroamphetamine,ADHD,2005
Saphris,Bipolar Disorde,2017
Benzoyl peroxide / clindamycin,Acne,2019
Effexor,Depression,2018
Amitriptyline,Migraine Prevention,2016
Amoxicillin,Bacterial Infection,2015
Prednisone,Allergic Reactions,2004
Lyrica,ibromyalgia,2004
Nexplanon,Birth Control,2014
Quetiapine,Bipolar Disorde,2003
Azithromycin,Chlamydia Infection,2018
Capsaicin,Pain,2009
Disulfiram,Alcohol Dependence,2017
Bisacodyl,Constipation,2006
Amoxicillin / clavulanate,Otitis Media,2019
Mirena,Birth Control,2006
Cryselle,Birth Control,2018
Escitalopram,Depression,2004
Ortho Micronor,Abnormal Uterine Bleeding,2018
Efinaconazole,"Onychomycosis, Toenail",2006
Levonorgestrel,Birth Control,2004
Isentress,HIV Infection,2016
Humira,Psoriasis,2005
Amitriptyline,Migraine Prevention,2013
Propranolol,mance Anxiety,2012
Intal,"Asthma, Maintenance",2014
Etonogestrel,Birth Control,2014
Duloxetine,Anxiety,2011
Ethinyl estradiol / levonorgestrel,Birth Control,2008
Nuvigil,Obstructive Sleep Apnea/Hypopnea Syndrome,2019
Celecoxib,Osteoarthritis,2007
Oxytrol,Overactive Bladde,2011
TriNessa,Birth Control,2004
Sertraline,Social Anxiety Disorde,2018
Canagliflozin,"Diabetes, Type 2",2001
Mirena,Abnormal Uterine Bleeding,2016
Skyla,Birth Control,2017
Chlordiazepoxide,Anxiety,2010
Ethinyl estradiol / norethindrone,Birth Control,2012
Aripiprazole,Major Depressive Disorde,2001
Zepatier,Hepatitis C,2007
Celecoxib,Pain,2000
Gabapentin,Peripheral Neuropathy,2004
Estradiol,Postmenopausal Symptoms,2002
Pradaxa,Prevention of Thromboembolism in Atrial Fibrillation,2006
Zoloft,Depression,2000
Mirtazapine,Major Depressive Disorde,2007
Depo-Provera Contraceptive,Birth Control,2001
Buprenorphine / naloxone,Opiate Dependence,2005
Victoza,"Diabetes, Type 2",2008
Implanon,Birth Control,2004
Camrese,Birth Control,2009
Eucrisa,Atopic Dermatitis,2017
Lexapro,Depression,2015
Ranitidine,GERD,2015
Apri,Birth Control,2011
Citalopram,Anxiety and Stress,2013
Etonogestrel,Birth Control,2013
Tretinoin,Acne,2005
Effexor XR,Bipolar Disorde,2014
Amoxicillin / clavulanate,Bacterial Infection,2003
Ethinyl estradiol / norgestimate,,2000
Zyrtec,Allergic Rhinitis,2002
Enbrel,Rheumatoid Arthritis,2006
Trazodone,Sedation,2012
Ceftin,Sinusitis,2019
Qsymia,Weight Loss,2008
Alprazolam,Anxiety,2008
Citalopram,Depression,2001
Restoril,Insomnia,2006
LoSeasonique,Birth Control,2000
Lo Loestrin Fe,Birth Control,2012
Nexplanon,Birth Control,2016
Copper,Birth Control,2017
Contrave,Weight Loss,2004
Lyrica,Postherpetic Neuralgia,2004
Prednisone,Pharyngitis,2015
Kenalog,Dermatitis,2007
Diamox,Pseudotumor Cerebri,2019
Copper,Birth Control,2009
Trulicity,"Diabetes, Type 2",2013
Neo-Poly-Dex,Blepharitis,2005
Medroxyprogesterone,Birth Control,2002
Dabigatran,Prevention of Thromboembolism in Atrial Fibrillation,2018
Novolin 70 / 30,"Diabetes, Type 2",2005
Tadalafil,Erectile Dysfunction,2018
Flagyl,Diverticulitis,2019
Ciprofloxacin,Salmonella Gastroenteritis,2004
Milnacipran,ibromyalgia,2001
Tegretol XR,Trigeminal Neuralgia,2018
Paroxetine,Anxiety,2003
Tolterodine,Overactive Bladde,2003
Valium,Anxiety,2001
Amoxicillin / clavulanate,Sinusitis,2006
Lorcaserin,Weight Loss,2019
Escitalopram,Generalized Anxiety Disorde,2018
Ethinyl estradiol / norethindrone,Birth Control,2019
Eflornithine,Hirsutism,2000
Etonogestrel,Birth Control,2019
Desvenlafaxine,Depression,2015
Cephalexin,Skin or Soft Tissue Infection,2006
Vascepa,Hypertriglyceridemia,2002
Golimumab,Rheumatoid Arthritis,2000
Belviq,Weight Loss,2018
Paxil,Anxiety,2000
Escitalopram,Anxiety,2011
Propranolol,mance Anxiety,2003
Oseltamivir,Influenza,2002
Zoloft,Depression,2012
Propranolol,Migraine Prevention,2002
Quetiapine,Bipolar Disorde,2008
Solifenacin,Urinary Incontinence,2017
Pantoprazole,GERD,2011
Nexplanon,Birth Control,2014
Fioricet with Codeine,Headache,2019
Varenicline,Smoking Cessation,2015
Ethinyl estradiol / norethindrone,Birth Control,2011
Tramadol,Pain,2009
Guaifenesin / pseudoephedrine,Cough and Nasal Congestion,2004
Saphris,Schizophrenia,2012
Implanon,Birth Control,2002
Ethinyl estradiol / levonorgestrel,Birth Control,2001
Accutane,Acne,2009
Lotrel,High Blood Pressure,2000
Acyclovir,Herpes Simplex,2013
Asacol,"Crohn's Disease, Maintenance",2019
Buprenorphine / naloxone,Opiate Dependence,2008
Suprep Bowel Prep Kit,Bowel Preparation,2010
Lo Loestrin Fe,Birth Control,2008
Acetaminophen / dichloralphenazone / isometheptene mucate,Headache,2015
Fluoxetine,Depression,2003
Phentermine,Weight Loss,2011
Nebivolol,High Blood Pressure,2006
Mesalamine,"Crohn's Disease, Maintenance",2000
Ethinyl estradiol / norgestimate,Abnormal Uterine Bleeding,2015
Mirena,Birth Control,2003
Unasyn,Urinary Tract Infection,2007
Temazepam,Insomnia,2012
Pylera,Helicobacter Pylori Infection,2005
Promethazine,Light Sedation,2006
Miconazole,Vaginal Yeast Infection,2013
Remeron,Anxiety,2006
Nexplanon,Birth Control,2007
Ledipasvir / sofosbuvir,Hepatitis C,2001
Contrave,Weight Loss,2014
Drysol,Hyperhidrosis,2014
Meclizine,Vertig,2006
ella,Emergency Contraception,2015
Brodalumab,Plaque Psoriasis,2019
Megace ES,Weight Loss,2011
Lorazepam,Anxiety,2016
Azor,High Blood Pressure,2006
Vimpat,Seizures,2015
Pregabalin,ibromyalgia,2007
Levofloxacin,Bacterial Infection,2004
Propranolol,Migraine Prevention,2019
Oxaydo,Chronic Pain,2012
Acetaminophen / oxycodone,Chronic Pain,2008
Carbamazepine,Epilepsy,2006
Mirena,Birth Control,2019
Humira,Rheumatoid Arthritis,2004
Cozaar,High Blood Pressure,2016
Sildenafil,Erectile Dysfunction,2003
Acetaminophen / oxycodone,Pain,2016
Acetaminophen / hydrocodone,Back Pain,2015
Etonogestrel,Birth Control,2012
Kyleena,Birth Control,2013
Vistaril,Anxiety,2008
Ethinyl estradiol / norgestimate,Birth Control,2000
Oxycodone,Pain,2007
Opana,Pain,2012
Mirena,Abnormal Uterine Bleeding,2016
Fexofenadine,Allergic Rhinitis,2014
Prednisone,ibromyalgia,2006
Clonazepam,Anxiety,2006
Levitra,Erectile Dysfunction,2012
Varenicline,Smoking Cessation,2000
Aluminum chloride hexahydrate,Hyperhidrosis,2002
Imiquimod,Human Papilloma Virus,2008
Varenicline,Smoking Cessation,2001
Ethinyl estradiol / norgestimate,Birth Control,2009
Dextromethorphan,Cough,2004
Alprazolam,Depression,2001
Methylphenidate,ADHD,2005
Vivitrol,Opiate Dependence,2011
Nexplanon,Birth Control,2004
Sominex,2</span> users found this comment helpful.,2016
Levonorgestrel,Emergency Contraception,2018
Seasonique,25</span> users found this comment helpful.,2009
Metronidazole,Bacterial Vaginitis,2010
Plaquenil,Systemic Lupus Erythematosus,2005
Metoprolol Tartrate,Heart Attack,2011
Amoxicillin / clavulanate,Otitis Media,2007
Venlafaxine,Depression,2016
Eliquis,Pulmonary Embolism,2018
Baclofen,Alcohol Withdrawal,2017
Dronabinol,AIDS Related Wasting,2010
Prezcobix,HIV Infection,2005
Doxycycline,Acne,2016
Zoloft,Depression,2019
Methylphenidate,ADHD,2000
Contrave,Obesity,2006
Iron polysaccharide,Iron Deficiency Anemia,2003
Varenicline,Smoking Cessation,2002
Desogestrel / ethinyl estradiol,Birth Control,2003
Bupropion / naltrexone,Weight Loss,2015
OnabotulinumtoxinA,Cervical Dystonia,2008
Omalizumab,"Asthma, Maintenance",2002
Otezla,Psoriatic Arthritis,2004
Levonorgestrel,Emergency Contraception,2011
Mirabegron,Overactive Bladde,2016
Lumigan,"Glaucoma, Open Angle",2010
Pseudoephedrine,Nasal Congestion,2014
Etonogestrel,Birth Control,2000
Claritin-D,Nasal Congestion,2014
Bupropion / naltrexone,Weight Loss,2003
Tramadol,Pain,2019
Lorazepam,Anxiety,2017
Liraglutide,"Diabetes, Type 2",2019
Ethinyl estradiol / norethindrone,Birth Control,2008
Duac,Acne,2018
Yaz,Birth Control,2017
Citalopram,Depression,2011
Desoxyn,ADHD,2005
Latuda,Schizophrenia,2011
Patanase,Allergic Rhinitis,2018
Levetiracetam,Seizures,2017
Medroxyprogesterone,Endometriosis,2000
Naproxen,Back Pain,2016
Benzonatate,Cough,2018
Ketoprofen,Pain,2013
Bupropion,Depression,2013
Anastrozole,Breast Cance,2013
Escitalopram,Anxiety,2002
Lifitegrast,Dry Eye Disease,2011
Varenicline,Smoking Cessation,2014
LoSeasonique,Birth Control,2018
Doxylamine,Insomnia,2004
Naloxegol,"Constipation, Drug Induced",2002
Implanon,Birth Control,2006
Belviq,Weight Loss,2018
Ethinyl estradiol / norethindrone,Birth Control,2002
Depo-Provera,Birth Control,2012
Oxycodone,Chronic Pain,2019
Copaxone,Multiple Sclerosis,2013
Testopel,"Hypogonadism, Male",2011
Etonogestrel,Birth Control,2009
Morphine,Chronic Pain,2009
Phentermine,Weight Loss,2017
Lialda,"Ulcerative Colitis, Active",2000
Etonogestrel,Birth Control,2009
Armour Thyroid,Hashimoto's disease,2011
Children's Claritin Allergy,Allergic Rhinitis,2010
Ortho Tri-Cyclen,Birth Control,2018
Oseltamivir,Influenza,2017
Ethinyl estradiol / levonorgestrel,Ovarian Cysts,2013
Errin,Birth Control,2017
Canagliflozin,"Diabetes, Type 2",2001
Acetaminophen / oxycodone,Pain,2018
Linezolid,Bacteremia,2004
Chantix,Smoking Cessation,2016
Ethinyl estradiol / norgestimate,Birth Control,2003
Imiquimod,Human Papilloma Virus,2013
Aluminum chloride hexahydrate,Hyperhidrosis,2014
Reglan,Migraine,2003
Morphine,Chronic Pain,2001
Levonorgestrel,Birth Control,2012
Sertraline,Post Traumatic Stress Disorde,2002
Bupropion / naltrexone,Weight Loss,2006
Movantik,Opioid-Induced Constipation,2012
Gianvi,Birth Control,2008
Sertraline,Depression,2004
Sertraline,Anxiety and Stress,2012
Polyethylene glycol 3350 with electrolytes,Bowel Preparation,2015
Tretinoin,Acne,2007
Metronidazole,Bacterial Infection,2003
Vivitrol,Opiate Dependence,2007
Adapalene / benzoyl peroxide,Acne,2001
Nexplanon,Birth Control,2001
Cialis,Erectile Dysfunction,2007
Adapalene / benzoyl peroxide,Acne,2005
Etonogestrel,Birth Control,2008
Strattera,ADHD,2017
Clindamycin / tretinoin,Acne,2015
Ambien,Insomnia,2011
Buspirone,Anxiety,2018
Carbamazepine,Bipolar Disorde,2019
Docusate / senna,"Constipation, Acute",2000
Amoxil,Skin or Soft Tissue Infection,2001
Klonopin,Panic Disorde,2002
Topamax,Migraine Prevention,2003
Ethinyl estradiol / norethindrone,Birth Control,2000
Tri-Lo-Marzia,Birth Control,2014
Risperidone,Bipolar Disorde,2017
Miconazole,Vaginal Yeast Infection,2018
Alprazolam,Anxiety,2000
Rapaflo,Benign Prostatic Hyperplasia,2017
Linaclotide,Constipation,2013
Lorazepam,Anxiety,2011
Rizatriptan,Migraine,2013
Savella,ibromyalgia,2002
Brimonidine,Rosacea,2005
Etonogestrel,Birth Control,2012
Ethinyl estradiol / levonorgestrel,,2006
Medroxyprogesterone,Birth Control,2000
Humira,Psoriasis,2000
Strattera,ADHD,2016
Risedronate,Osteoporosis,2013
Metoprolol,Mitral Valve Prolapse,2004
Bupropion,Depression,2016
Levonorgestrel,Birth Control,2002
Topiramate,Migraine Prevention,2016
Invokana,"Diabetes, Type 2",2007
OxyContin,Pain,2019
Acetazolamide,Mountain Sickness / Altitude Sickness,2004
Carisoprodol,Muscle Spasm,2016
Viibryd,Depression,2010
Relafen,zen Shoulde,2004
Paxil,Anxiety and Stress,2008
Nifedipine,High Blood Pressure,2010
Lunesta,Insomnia,2019
Levetiracetam,Epilepsy,2004
Imuran,"Crohn's Disease, Maintenance",2011
Erythrocin,Strep Throat,2001
Fluoxetine,Anxiety and Stress,2009
Mometasone,Eczema,2019
Ethinyl estradiol / levonorgestrel,Birth Control,2018
Trintellix,Depression,2011
Quetiapine,Bipolar Disorde,2010
Levonorgestrel,Birth Control,2018
Remeron,Insomnia,2015
Lorcaserin,Weight Loss,2012
Eylea,Macular Degeneration,2005
Zyban,Smoking Cessation,2019
Ethinyl estradiol / norethindrone,Birth Control,2012
Adipex-P,Weight Loss,2014
Ethinyl estradiol / levonorgestrel,Birth Control,2006
Zetia,High Cholesterol,2002
Alprazolam,Anxiety,2007
Ethinyl estradiol / levonorgestrel,Birth Control,2002
Liletta,Birth Control,2001
Ethinyl estradiol / norethindrone,Birth Control,2014
Naproxen,Back Pain,2008
Lorcaserin,Weight Loss,2015
Zantac 150,GERD,2000
Ethinyl estradiol / norgestimate,Birth Control,2007
Dabigatran,Prevention of Thromboembolism in Atrial Fibrillation,2005
Ziprasidone,Bipolar Disorde,2009
Sertraline,Panic Disorde,2008
Estradiol,Atrophic Vaginitis,2009
Ketoconazole,Cutaneous Candidiasis,2008
Aluminum chloride hexahydrate,Hyperhidrosis,2002
Hydromorphone,Pain,2018
Gabapentin,Pain,2014
Sertraline,Social Anxiety Disorde,2005
Vyvanse,ADHD,2015
Contrave,Weight Loss,2004
Dexilant,GERD,2007
Drospirenone / ethinyl estradiol,Birth Control,2012
Nitrofurantoin,Urinary Tract Infection,2009
Cyclobenzaprine,Migraine,2019
Crestor,"High Cholesterol, Familial Heterozygous",2008
Roxicodone,Pain,2016
Ethinyl estradiol / norgestimate,Birth Control,2016
Adalimumab,Ankylosing Spondylitis,2015
Vyvanse,ADHD,2012
Brexpiprazole,Major Depressive Disorde,2006
Chantix,Smoking Cessation,2019
Proctofoam,Hemorrhoids,2015
Megestrol,Endometrial Hyperplasia,2007
Polyethylene glycol 3350 with electrolytes,Bowel Preparation,2014
Clomipramine,,2019
Etonogestrel,Birth Control,2002
Contrave,Obesity,2010
Doxycycline,Acne,2012
Levonorgestrel,,2000
Doxycycline,Acne,2011
Doxycycline,Bacterial Infection,2002
Mirtazapine,Depression,2011
Xyzal,Allergies,2012
Lurasidone,Bipolar Disorde,2007
Mirtazapine,Anxiety,2004
Cymbalta,Back Pain,2002
Implanon,Birth Control,2002
Amphetamine / dextroamphetamine,ADHD,2017
Hydrochlorothiazide,High Blood Pressure,2003
Lortab,Pain,2009
Fluoxetine,Depression,2001
Belviq,Weight Loss,2005
Azithromycin,Chlamydia Infection,2002
Etonogestrel,Birth Control,2019
Ziprasidone,Bipolar Disorde,2017
Gabapentin,Anxiety,2000
Magnesium citrate,Constipation,2014
Tramadol,Pain,2009
Sodium hyaluronate,Osteoarthritis,2007
Dasatinib,Chronic Myelogenous Leukemia,2014
Cefdinir,Strep Throat,2002
Loperamide,Diarrhea,2019
EpiCeram,Dry Skin,2011
Liraglutide,Obesity,2012
Effexor,Depression,2011
Junel Fe 1.5 / 30,Birth Control,2000
Clomipramine,Obsessive Compulsive Disorde,2017
Multivitamin with iron,Anemia,2017
Tegretol XR,Bipolar Disorde,2011
Bupropion / naltrexone,Weight Loss,2000
Olanzapine,Insomnia,2016
Gabapentin,Anxiety,2002
Wellbutrin,Major Depressive Disorde,2017
Promethazine,Light Sedation,2002
NuvaRing,Birth Control,2016
Bactrim,Bacterial Skin Infection,2007
Eletriptan,Migraine,2005
Liraglutide,"Diabetes, Type 2",2010
Sofosbuvir / velpatasvir,Hepatitis C,2017
Zofran,Nausea/Vomiting,2011
Seroquel,Schizoaffective Disorde,2012
Letrozole,Breast Cance,2002
Ketorolac,Pain,2000
Linaclotide,Irritable Bowel Syndrome,2009
Prevacid,GERD,2016
Minocycline,Acne,2007
Escitalopram,Anxiety,2001
Tramadol,Pain,2005
Magnesium sulfate / potassium sulfate / sodium sulfate,Bowel Preparation,2017
Glimepiride,"Diabetes, Type 2",2002
Docosanol,Herpes Simplex,2016
Ethinyl estradiol / norelgestromin,Birth Control,2011
Zolpidem,Insomnia,2000
ParaGard,Birth Control,2019
Acetaminophen / hydrocodone,Pain,2007
Metronidazole,Bacterial Vaginitis,2014
Ethinyl estradiol / norethindrone,Birth Control,2007
Saxenda,Obesity,2005
Tri-Previfem,Birth Control,2002
Azithromycin,Chlamydia Infection,2006
Soolantra,Rosacea,2015
Acamprosate,Alcohol Dependence,2006
Ortho-Novum 1 / 35,Birth Control,2018
Celexa,Depression,2016
Nuvigil,Narcolepsy,2005
Minocycline,Acne,2006
Tetrahydrozoline / zinc sulfate,Eye Redness/Itching,2009
Levonorgestrel,Emergency Contraception,2011
Vilazodone,Depression,2013
Celecoxib,Pain,2012
Belsomra,Insomnia,2005
Valtrex,Cold Sores,2015
Embeda,Pain,2006
Lithium,Bipolar Disorde,2005
Reglan,Lactation Augmentation,2002
Venlafaxine,Depression,2012
Latuda,Schizophrenia,2014
Desogestrel / ethinyl estradiol,Birth Control,2007
Femara,"Breast Cancer, Adjuvant",2010
Ropinirole,Not Listed / Othe,2004
TriNessa,Birth Control,2005
Lunesta,Insomnia,2001
Naphazoline,Nasal Congestion,2011
Eszopiclone,Insomnia,2018
Ethinyl estradiol / etonogestrel,Birth Control,2015
Lubiprostone,"Constipation, Chronic",2007
Wellbutrin,Depression,2013
Fetzima,Major Depressive Disorde,2017
Vimpat,Seizures,2012
Phentermine,Weight Loss,2004
Duloxetine,Anxiety,2011
Minipress,Benign Prostatic Hyperplasia,2003
Ethinyl estradiol / levonorgestrel,Birth Control,2001
Cipro,Urinary Tract Infection,2003
Suboxone,Opiate Dependence,2009
Fluoxetine,Obsessive Compulsive Disorde,2003
Belviq,Obesity,2014
Mesalamine,"Crohn's Disease, Maintenance",2001
Suvorexant,Insomnia,2000
Nexplanon,Birth Control,2019
Implanon,Birth Control,2004
Yaz,Birth Control,2004
Lorcaserin,Obesity,2001
Abilify,Schizoaffective Disorde,2000
Citric acid / magnesium oxide / sodium picosulfate,Bowel Preparation,2006
Dulcolax,Constipation,2012
Mirena,Birth Control,2008
Focalin,ADHD,2013
Lorcaserin,Obesity,2007
Venlafaxine,Depression,2016
Drospirenone / ethinyl estradiol / levomefolate calcium,Birth Control,2018
Chlorthalidone,High Blood Pressure,2007
Zubsolv,Opiate Dependence,2005
Fentanyl,Chronic Pain,2014
Azithromycin,Upper Respiratory Tract Infection,2008
Rizatriptan,Migraine,2002
Flomax,Benign Prostatic Hyperplasia,2012
Citric acid / magnesium oxide / sodium picosulfate,Bowel Preparation,2013
Bupropion,Major Depressive Disorde,2001
Luvox,Anxiety and Stress,2019
Ethinyl estradiol / etonogestrel,Birth Control,2012
Doxylamine,Insomnia,2008
Ethinyl estradiol / norgestimate,Birth Control,2006
Acetaminophen / oxycodone,Pain,2019
Quetiapine,Schizoaffective Disorde,2002
Bupropion,Depression,2013
Propofol,Anesthesia,2007
Amphetamine / dextroamphetamine,atigue,2018
Ethinyl estradiol / norgestimate,Birth Control,2009
Phentermine,Obesity,2001
Divalproex sodium,Migraine Prevention,2009
Nabumetone,Osteoarthritis,2018
Medroxyprogesterone,Birth Control,2014
Methadone,Pain,2000
Sprintec,0</span> users found this comment helpful.,2019
BuSpar,Anxiety,2010
Skyla,Birth Control,2001
Lamotrigine,Bipolar Disorde,2007
Tivicay,HIV Infection,2001
Mirena,Birth Control,2019
Selegiline,Depression,2009
Insulin degludec,"Diabetes, Type 2",2011
Tizanidine,Muscle Spasm,2013
Quetiapine,Major Depressive Disorde,2004
Ethinyl estradiol / norgestimate,Birth Control,2019
Dienogest / estradiol,Birth Control,2003
Sonata,Insomnia,2005
Phentermine / topiramate,Weight Loss,2001
Abilify,Depression,2019
Copper,Birth Control,2001
Imitrex,Migraine,2005
Acanya,Acne,2016
Levaquin,Bacterial Infection,2002
Etonogestrel,Birth Control,2008
Canagliflozin,"Diabetes, Type 2",2018
Viibryd,Major Depressive Disorde,2011
Depo-Provera,Birth Control,2012
Advair Diskus,"COPD, Maintenance",2012
Etonogestrel,Birth Control,2004
Aluminum chloride hexahydrate,Hyperhidrosis,2012
Desvenlafaxine,Major Depressive Disorde,2018
Benzoyl peroxide / clindamycin,Acne,2018
Propranolol,Panic Disorde,2014
Haldol,Psychosis,2006
Milnacipran,ibromyalgia,2016
Hydrocodone,Pain,2004
Vyvanse,ADHD,2009
Lysteda,Menorrhagia,2017
Klonopin,12</span> users found this comment helpful.,2014
Furadantin,Bladder Infection,2009
Clonidine,Opiate Withdrawal,2017
Topiramate,Migraine Prevention,2017
Estradiol,Atrophic Vaginitis,2008
Venlafaxine,Anxiety,2002
Ropinirole,Restless Legs Syndrome,2019
Mirena,Birth Control,2015
Linaclotide,"Constipation, Chronic",2011
Levonorgestrel,Birth Control,2016
Vilazodone,Depression,2015
Sertraline,Depression,2014
Prozac,Depression,2000
Colesevelam,"Diarrhea, Chronic",2017
Makena,Premature Lab,2015
Bisacodyl,Constipation,2002
Levaquin,Sinusitis,2019
Cobicistat / elvitegravir / emtricitabine / tenofovir,HIV Infection,2005
Abilify,Bipolar Disorde,2011
Desogestrel / ethinyl estradiol,Birth Control,2012
Blisovi 24 Fe,Birth Control,2008
Gilenya,Multiple Sclerosis,2011
Levonorgestrel,Birth Control,2019
Nexplanon,Birth Control,2010
Solifenacin,Overactive Bladde,2004
Drospirenone / ethinyl estradiol,Birth Control,2014
Infliximab,Rheumatoid Arthritis,2018
Zolpidem,Insomnia,2001
Phentermine,Weight Loss,2005
Triumeq,HIV Infection,2014
Zoloft,Panic Disorde,2016
Etonogestrel,Birth Control,2010
Tavaborole,"Onychomycosis, Toenail",2012
Accutane,Acne,2004
Vospire ER,"Asthma, acute",2001
Yaz,Acne,2001
Vivitrol,Opiate Dependence,2014
Ethinyl estradiol / norgestimate,Birth Control,2003
Magnesium sulfate / potassium sulfate / sodium sulfate,Bowel Preparation,2018
Ethinyl estradiol / norelgestromin,Birth Control,2005
Lidoderm,Pain,2005
Adderall XR,ADHD,2011
Buspirone,Panic Disorde,2019
Benzoyl peroxide / clindamycin,Acne,2002
Nitrofurantoin,Urinary Tract Infection,2011
Lamotrigine,Bipolar Disorde,2019
Adapalene / benzoyl peroxide,Acne,2009
Ethinyl estradiol / norethindrone,Birth Control,2000
Methylprednisolone,Inflammatory Conditions,2017
Liraglutide,"Diabetes, Type 2",2014
Dilaudid,Pain,2000
Glucophage XR,"Diabetes, Type 2",2005
Tamiflu,Influenza,2000
Melatonin,Insomnia,2017
Bupropion,Depression,2016
Adenosine,Supraventricular Tachycardia,2019
Mirena,Birth Control,2001
Cymbalta,ibromyalgia,2006
Saxenda,Obesity,2015
Augmentin,Sinusitis,2017
Soolantra,Rosacea,2001
Metoprolol,High Blood Pressure,2014
Nexplanon,Birth Control,2002
Trilipix,Hypertriglyceridemia,2016
Fluoxetine,Anxiety and Stress,2017
Phentermine,Obesity,2001
Amoxicillin / clavulanate,Skin and Structure Infection,2013
Desvenlafaxine,Depression,2000
Lotemax,Iritis,2013
Xulane,Birth Control,2007
Drospirenone / ethinyl estradiol / levomefolate calcium,,2000
Fluoxetine,Obsessive Compulsive Disorde,2008
Viibryd,Depression,2010
Tri-Sprintec,5</span> users found this comment helpful.,2012
Bactrim,Acne,2003
Apri,Birth Control,2019
Ethinyl estradiol / levonorgestrel,Birth Control,2000
Doxycycline,Pneumonia,2019
Linaclotide,"Constipation, Chronic",2014
Savella,ibromyalgia,2007
Butrans,Chronic Pain,2017
Implanon,Birth Control,2017
Fexofenadine,Allergic Rhinitis,2005
Desvenlafaxine,Depression,2014
Olmesartan,High Blood Pressure,2004
Zenatane,Acne,2001
Reglan,Migraine,2019
Trulicity,"Diabetes, Type 2",2016
Carisoprodol,Muscle Spasm,2014
Nexplanon,Birth Control,2011
Hydromorphone,Pain,2011
Microgestin Fe 1 / 20,Birth Control,2015
BuSpar,Anxiety,2017
Ramipril,Diabetic Kidney Disease,2015
Golimumab,Psoriatic Arthritis,2016
Bisacodyl,Constipation,2013
Prozac,Anxiety and Stress,2007
Venlafaxine,Anxiety,2001
Silodosin,Benign Prostatic Hyperplasia,2002
Doxepin,Insomnia,2018
Estradiol,Postmenopausal Symptoms,2006
Buprenorphine / naloxone,Opiate Dependence,2009
Diclofenac,Pain,2005
Avelox,Sinusitis,2009
Abilify,Schizoaffective Disorde,2011
Tirosint,"Hypothyroidism, After Thyroid Removal",2005
Lyrica,Neuropathic Pain,2011
Diethylpropion,Obesity,2010
Bupropion / naltrexone,Obesity,2002
Plan B One-Step,Emergency Contraception,2018
Esomeprazole,Erosive Esophagitis,2005
Cholestyramine,Irritable Bowel Syndrome,2004
Tramadol,Pain,2018
Vyvanse,ADHD,2009
Tramadol,Pain,2001
Ethinyl estradiol / norethindrone,Birth Control,2012
Ativan,Anxiety,2009
Citalopram,Anxiety and Stress,2012
Soma,Muscle Spasm,2017
Ambien,Insomnia,2007
Testosterone,"Hypogonadism, Male",2004
Zovia,Birth Control,2018
Portia,Birth Control,2000
Ethinyl estradiol / norgestimate,Birth Control,2006
Humalog KwikPen,"Diabetes, Type 2",2001
Triazolam,Insomnia,2018
Modafinil,Depression,2004
Etonogestrel,Birth Control,2014
Loestrin 24 Fe,Menstrual Disorders,2003
Phentermine / topiramate,Weight Loss,2000
Tioconazole,Vaginal Yeast Infection,2018
Zyprexa,Depression,2018
Luvox,Obsessive Compulsive Disorde,2007
Buspirone,Anxiety,2001
Tranylcypromine,Depression,2006
Carisoprodol,Muscle Spasm,2012
St. john's wort,Depression,2000
Lyrica,Neuropathic Pain,2015
Metronidazole,Bacterial Vaginitis,2001
Arava,Rheumatoid Arthritis,2013
Aspirin / dipyridamole,"Ischemic Stroke, Prophylaxis",2002
Cimzia,Rheumatoid Arthritis,2011
Metronidazole,Trichomoniasis,2002
Opana ER,Pain,2019
Metformin,min),2014
Atarax,Anxiety,2013
Demerol,Pain,2006
Abiraterone,Prostate Cance,2018
Nuvigil,Narcolepsy,2012
Mirena,Birth Control,2003
Amitriptyline,Insomnia,2016
Colace,Constipation,2000
Paroxetine,Depression,2003
Liletta,Birth Control,2000
Methylprednisolone,"Gout, Acute",2002
Varenicline,Smoking Cessation,2001
Trintellix,Depression,2014
Hydromorphone,Chronic Pain,2005
Carbamazepine,Borderline Personality Disorde,2011
Lortab,Pain,2013
Ustekinumab,Psoriasis,2007
Livalo,High Cholesterol,2011
Nexplanon,Birth Control,2012
Sertraline,Depression,2018
Implanon,Birth Control,2004
Lamotrigine,Post Traumatic Stress Disorde,2015
Ethinyl estradiol / norgestimate,Ovarian Cysts,2018
Chateal,Birth Control,2017
Drysol,Hyperhidrosis,2002
Loratadine / pseudoephedrine,Nasal Congestion,2017
Naproxen,Pain,2012
Orlistat,Obesity,2004
Celexa,Anxiety and Stress,2014
Olanzapine,Paranoid Disorde,2010
Ketoconazole,Vaginal Yeast Infection,2008
Ethinyl estradiol / norgestimate,Birth Control,2005
Afrezza,"Diabetes, Type 2",2001
Climara,Hypoestrogenism,2007
Lenalidomide,Multiple Myeloma,2016
Desogestrel / ethinyl estradiol,Birth Control,2012
Amitriptyline,Migraine Prevention,2013
Trintellix,Major Depressive Disorde,2014
Ethinyl estradiol / norelgestromin,Birth Control,2004
Etonogestrel,Birth Control,2003
Lo Loestrin Fe,Birth Control,2015
Implanon,Birth Control,2005
Desvenlafaxine,Depression,2009
Liraglutide,Obesity,2008
Docosanol,Herpes Simplex,2000
Skyla,Birth Control,2005
Clonidine,Restless Legs Syndrome,2000
Levonorgestrel,Birth Control,2009
Codeine,Pain,2002
Infliximab,Ulcerative Colitis,2007
Lurasidone,Bipolar Disorde,2000
Hydrochlorothiazide / triamterene,Edema,2002
Copper,Birth Control,2003
Plan B One-Step,Emergency Contraception,2018
Skyla,Birth Control,2006
Tioconazole,Vaginal Yeast Infection,2001
Paregoric,Diarrhea,2018
Vortioxetine,Major Depressive Disorde,2005
Venlafaxine,Generalized Anxiety Disorde,2003
Plan B,Emergency Contraception,2002
Mirena,Birth Control,2012
Ortho Tri-Cyclen,Birth Control,2013
Duloxetine,Depression,2006
Chateal,Birth Control,2007
Infliximab,,2015
Ethinyl estradiol / norethindrone,Birth Control,2007
Escitalopram,Anxiety,2004
Hydrochlorothiazide / losartan,High Blood Pressure,2010
Bupropion,Depression,2013
Phentermine,Weight Loss,2009
Fentanyl Transdermal System,Chronic Pain,2000
Flomax,Urinary Tract Stones,2002
ParaGard,Birth Control,2013
ParaGard,Birth Control,2016
Varenicline,Smoking Cessation,2019
Focalin,ADHD,2001
Levonorgestrel,Birth Control,2017
Ramipril,Diabetic Kidney Disease,2006
Bupropion / naltrexone,Obesity,2015
Belsomra,Insomnia,2014
Chlorpheniramine / hydrocodone,Cough,2003
Diazepam,Anxiety,2003
Paxil,Generalized Anxiety Disorde,2009
Nexplanon,Birth Control,2018
Liraglutide,Weight Loss,2013
Wellbutrin,Depression,2011
Latuda,Schizophrenia,2003
Loestrin 24 Fe,Menstrual Disorders,2000
Saxenda,Weight Loss,2012
Miconazole,Vaginal Yeast Infection,2002
Oxycodone,Pain,2003
Nexplanon,Birth Control,2009
Lexapro,Anxiety,2003
Escitalopram,Anxiety,2008
Mirena,Birth Control,2000
Carbamazepine,Bipolar Disorde,2016
Lo Loestrin Fe,Birth Control,2006
Buprenorphine,Opiate Dependence,2013
Nitrofurantoin,Urinary Tract Infection,2014
Emsam,Depression,2019
Duloxetine,Depression,2012
Hydroxyzine,Pain,2005
Lotronex,Irritable Bowel Syndrome,2008
Invega,Depression,2019
Levonorgestrel,Birth Control,2018
Enfuvirtide,HIV Infection,2005
Doxycycline,Acne,2000
Contrave,Obesity,2007
Bisacodyl,Constipation,2006
Quetiapine,Depression,2018
Desvenlafaxine,Depression,2001
Acetaminophen / pamabrom,Back Pain,2012
Tamsulosin,Benign Prostatic Hyperplasia,2003
Ethinyl estradiol / norelgestromin,Birth Control,2016
Plan B One-Step,Emergency Contraception,2006
Amphetamine / dextroamphetamine,Narcolepsy,2017
Librium,Alcohol Withdrawal,2000
Bupropion / naltrexone,Weight Loss,2001
Phentermine,Obesity,2013
Gabapentin,Anxiety,2015
Kyleena,Birth Control,2002
Tegretol,Epilepsy,2010
LoSeasonique,Premenstrual Syndrome,2006
Remeron,Depression,2005
Lialda,Ulcerative Colitis,2018
Ethinyl estradiol / ethynodiol,Birth Control,2008
Paroxetine,Depression,2016
Fluocinonide,Dermatitis,2002
Zyprexa,Major Depressive Disorde,2000
Ethinyl estradiol / norgestimate,Birth Control,2000
Plan B,Emergency Contraception,2012
Ethinyl estradiol / norethindrone,Birth Control,2019
Contrave,Obesity,2013
Dilaudid,Chronic Pain,2009
Polyethylene glycol 3350 with electrolytes,Bowel Preparation,2000
Pristiq,Anxiety,2017
Naproxen,Headache,2000
Diazepam,Muscle Spasm,2012
Ethinyl estradiol / norgestimate,Birth Control,2005
Prozac,Anxiety and Stress,2001
Nexplanon,Birth Control,2001
Ethinyl estradiol / norethindrone,Birth Control,2004
Orsythia,Birth Control,2016
Trilipix,High Cholesterol,2003
Dulaglutide,"Diabetes, Type 2",2002
Baclofen,Muscle Spasm,2012
Meridia,Obesity,2005
Dicyclomine,Irritable Bowel Syndrome,2006
Dextromethorphan,Cough,2011
Hydrocortisone,Eczema,2015
Skyla,Birth Control,2001
Atorvastatin,High Cholesterol,2019
Venlafaxine,Anxiety and Stress,2015
Donepezil,Alzheimer's Disease,2015
Ethinyl estradiol / norgestimate,Birth Control,2013
Nexplanon,Birth Control,2015
Azithromycin,Sinusitis,2004
Implanon,Birth Control,2011
Drospirenone / ethinyl estradiol,Premenstrual Dysphoric Disorde,2006
Dapsone,Acne,2014
Venlafaxine,Depression,2003
Mirena,Birth Control,2017
Linzess,"Constipation, Chronic",2018
Ethinyl estradiol / levonorgestrel,Birth Control,2014
Lo Loestrin Fe,Birth Control,2003
Zomig,Migraine,2008
Aluminum chloride hexahydrate,Hyperhidrosis,2017
Acetaminophen / hydrocodone,Pain,2017
Tussionex Pennkinetic,Cold Symptoms,2019
Ethinyl estradiol / norgestimate,Birth Control,2006
Lutera,Birth Control,2008
Citalopram,Generalized Anxiety Disorde,2002
Nexplanon,Birth Control,2017
Acetaminophen / oxycodone,Pain,2001
Olmesartan,High Blood Pressure,2004
Simply Sleep,Insomnia,2000
Depakote,Bipolar Disorde,2013
Retin-A,Acne,2007
Hypercare,Hyperhidrosis,2015
Chantix,Smoking Cessation,2009
Sulfasalazine,Crohn's Disease,2005
Testosterone,"Hypogonadism, Male",2005
Dulcolax,Constipation,2000
Sprintec,Birth Control,2013
Bupropion,Depression,2006
Ethinyl estradiol / norgestimate,Birth Control,2008
Amerge,Migraine,2000
Yasmin,Birth Control,2012
Tri-Sprintec,Birth Control,2006
Sprix,Pain,2003
Phenytoin,Seizures,2018
Etonogestrel,Birth Control,2008
Citalopram,Generalized Anxiety Disorde,2012
Lorcaserin,Obesity,2017
Ketorolac,Pain,2019
Desogestrel / ethinyl estradiol,Birth Control,2004
Tioconazole,Vaginal Yeast Infection,2018
Ethinyl estradiol / levonorgestrel,Birth Control,2001
Oxycodone,Pain,2013
Acetazolamide,Pseudotumor Cerebri,2018
Jublia,"Onychomycosis, Toenail",2009
Fluoxetine,Premenstrual Dysphoric Disorde,2015
Doxylamine / pyridoxine,Nausea/Vomiting of Pregnancy,2008
Clindamycin,Acne,2002
Milnacipran,ibromyalgia,2009
Varenicline,Smoking Cessation,2001
Implanon,Birth Control,2003
Dronabinol,Anorexia,2015
Depakote ER,Migraine Prevention,2006
Cephalexin,Skin or Soft Tissue Infection,2010
Desogen,Birth Control,2001
Nexplanon,Birth Control,2000
Nexplanon,Birth Control,2019
Spironolactone,Acne,2010
Januvia,"Diabetes, Type 2",2009
Humalog,"Diabetes, Type 1",2013
Levonorgestrel,Birth Control,2018
Acetaminophen / oxycodone,Pain,2018
Escitalopram,Generalized Anxiety Disorde,2001
Atomoxetine,ADHD,2001
Duloxetine,ibromyalgia,2008
Ethinyl estradiol / norgestimate,Birth Control,2011
Phenazopyridine,Interstitial Cystitis,2006
Vyvanse,ADHD,2003
Exenatide,"Diabetes, Type 2",2019
Atropine / diphenoxylate,Diarrhea,2000
Mirena,Birth Control,2008
Doxycycline,"Lyme Disease, Neurologic",2008
Tioconazole,Vaginal Yeast Infection,2006
Phentermine,Weight Loss,2008
Hydroxyzine,Anxiety,2013
Requip,Restless Legs Syndrome,2007
Fesoterodine,Urinary Incontinence,2015
Ramelteon,Insomnia,2018
Prepopik,Bowel Preparation,2007
H.P. Acthar Gel,Polymyositis/Dermatomyositis,2002
OnabotulinumtoxinA,Migraine,2019
Vilazodone,Depression,2008
Acetaminophen / butalbital / caffeine / codeine,Headache,2019
Skelaxin,Muscle Spasm,2011
Gabapentin,Restless Legs Syndrome,2016
Tretinoin,Acne,2003
Oxycodone,Chronic Pain,2000
NuvaRing,Birth Control,2013
Lactase,Lactose Intolerance,2001
Plaquenil,Sjogren's Syndrome,2012
Duloxetine,Depression,2008
Transderm-Scop,Nausea/Vomiting,2005
Ethinyl estradiol / norelgestromin,Birth Control,2005
Omnicef,Bronchitis,2013
Acetaminophen / oxycodone,Chronic Pain,2007
Magnesium citrate,Constipation,2019
Neurontin,Pain,2012
Bupropion,Depression,2002
Desvenlafaxine,Depression,2016
Lyrica,ibromyalgia,2011
Loestrin 24 Fe,Birth Control,2012
Clocortolone,Atopic Dermatitis,2010
Pristiq,Depression,2002
Novolog,"Diabetes, Type 1",2014
Ortho Evra,Birth Control,2006
Lisdexamfetamine,ADHD,2016
Belviq,Weight Loss,2011
Armodafinil,Narcolepsy,2010
Escitalopram,Anxiety,2001
